contains_bug,entropy,add_num_nodes,add_num_edges,add_avg_in_degree,add_avg_out_degree,add_max_degree,add_sum_degree,add_avg_degree,del_num_nodes,del_num_edges
True,3.11861637,28,48,1.7143,1.7143,15,96,3,28,48
True,2.653939178,25,41,1.64,1.64,13,82,3,24,40
True,0.468995594,22,36,1.6364,1.6364,10,72,3,11,15
True,1.455023839,26,39,1.5,1.5,12,78,3,11,14
True,0.0,18,24,1.3333,1.3333,9,48,2,14,18
True,2.677870617,15,23,1.5333,1.5333,11,46,3,14,22
True,1.027370496,14,18,1.2857,1.2857,8,36,2,8,11
True,0.309543429,22,35,1.5909,1.5909,8,70,3,25,42
True,1.514227964,19,27,1.4211,1.4211,10,54,3,18,22
True,1.019864571,25,38,1.52,1.52,10,76,3,19,27
True,2.628183163,15,20,1.3333,1.3333,7,40,2,14,19
True,0.0,19,34,1.7895,1.7895,14,68,3,9,12
True,0.67519144,24,37,1.5417,1.5417,10,74,3,13,17
True,1.875249992,30,50,1.6667,1.6667,14,100,3,16,22
True,2.187375391,29,47,1.6207,1.6207,12,94,3,30,48
True,1.336465888,23,36,1.5652,1.5652,9,72,3,7,10
True,1.548416713,32,67,2.0938,2.0938,16,134,4,34,66
True,1.509249287,27,51,1.8889,1.8889,13,102,3,31,55
True,2.967455671,38,79,2.0789,2.0789,16,158,4,34,68
True,3.226449947,40,96,2.4,2.4,19,192,4,33,66
True,0.957639055,22,34,1.5455,1.5455,8,68,3,13,18
True,1.406441585,40,83,2.075,2.075,17,166,4,40,83
True,3.50353525,25,43,1.72,1.72,12,86,3,16,25
True,3.141580317,21,39,1.8571,1.8571,11,78,3,12,19
True,1.117089261,29,47,1.6207,1.6207,10,94,3,26,40
True,0.0,17,26,1.5294,1.5294,8,52,3,17,25
True,1.360111898,14,19,1.3571,1.3571,8,38,2,8,9
True,2.073046443,19,30,1.5789,1.5789,9,60,3,22,36
True,2.300361279,33,61,1.8485,1.8485,14,122,3,24,37
True,2.603459272,35,71,2.0286,2.0286,15,142,4,19,28
True,0.0,11,15,1.3636,1.3636,7,30,2,15,20
True,2.298502627,19,29,1.5263,1.5263,9,58,3,21,29
True,3.411099457,30,62,2.0667,2.0667,15,124,4,25,42
True,2.542950003,36,73,2.0278,2.0278,17,146,4,36,73
True,2.244183995,44,102,2.3182,2.3182,19,204,4,32,56
True,0.978015557,22,39,1.7727,1.7727,12,78,3,16,21
True,0.902248991,15,21,1.4,1.4,8,42,2,15,21
True,1.309479778,21,31,1.4762,1.4762,8,62,2,13,18
True,4.693049325,38,79,2.0789,2.0789,18,158,4,38,79
True,4.478765045,42,90,2.1429,2.1429,19,180,4,42,90
True,0.702466551,20,32,1.6,1.6,8,64,3,20,31
True,3.326571371,35,69,1.9714,1.9714,15,138,3,35,68
True,0.994030211,13,17,1.3077,1.3077,7,34,2,9,10
True,1.292451946,28,50,1.7857,1.7857,14,100,3,10,16
True,2.681664738,26,49,1.8846,1.8846,14,98,3,24,40
True,4.080034153,22,35,1.5909,1.5909,10,70,3,19,26
True,1.247992283,22,35,1.5909,1.5909,8,70,3,24,39
True,1.424048192,16,21,1.3125,1.3125,9,42,2,7,10
True,1.04944589,27,44,1.6296,1.6296,9,88,3,23,34
True,0.0,13,18,1.3846,1.3846,7,36,2,13,18
True,2.686628084,31,77,2.4839,2.4839,18,154,4,30,72
True,3.541916263,21,34,1.619,1.619,13,68,3,22,37
True,1.438706138,21,29,1.381,1.381,9,58,2,8,9
True,2.97220928,15,20,1.3333,1.3333,7,40,2,14,18
True,0.767940138,18,24,1.3333,1.3333,8,48,2,18,24
True,2.27372625,27,48,1.7778,1.7778,13,96,3,31,56
True,0.0,4,3,0.75,0.75,3,6,1,2,1
True,3.028703261,29,54,1.8621,1.8621,13,108,3,29,52
True,0.99107606,18,22,1.2222,1.2222,7,44,2,4,3
True,3.893737405,5,5,1.0,1.0,3,10,2,8,8
True,0.851947469,28,47,1.6786,1.6786,12,94,3,27,45
True,0.0,27,47,1.7407,1.7407,15,94,3,25,40
True,0.899743759,27,45,1.6667,1.6667,10,90,3,20,31
True,0.0,23,35,1.5217,1.5217,9,70,3,14,19
True,1.455282453,8,8,1.0,1.0,4,16,2,8,8
True,1.27624134,19,27,1.4211,1.4211,11,54,2,7,10
True,2.767551515,29,54,1.8621,1.8621,12,108,3,26,48
True,0.0,15,23,1.5333,1.5333,8,46,3,15,23
True,1.581030963,19,26,1.3684,1.3684,8,52,2,19,26
True,3.151730514,5,5,1.0,1.0,3,10,2,5,5
True,0.0,6,6,1.0,1.0,3,12,2,6,6
True,2.040892282,25,39,1.56,1.56,9,78,3,23,35
True,2.264345505,40,89,2.225,2.225,18,178,4,36,71
True,2.225904757,15,20,1.3333,1.3333,7,40,2,15,20
True,0.831474388,20,30,1.5,1.5,8,60,3,8,10
True,1.533650914,36,72,2.0,2.0,15,144,4,28,50
True,0.0,19,25,1.3158,1.3158,8,50,2,12,13
True,0.0,5,5,1.0,1.0,3,10,2,5,5
True,0.0,23,32,1.3913,1.3913,8,64,2,6,6
True,3.124781605,33,68,2.0606,2.0606,14,136,4,33,68
True,0.0,20,30,1.5,1.5,9,60,3,17,25
True,0.0,19,29,1.5263,1.5263,8,58,3,17,25
True,2.267433448,20,26,1.3,1.3,9,52,2,11,16
True,0.779349837,11,16,1.4545,1.4545,10,32,2,8,9
True,3.222262782,29,51,1.7586,1.7586,13,102,3,7,5
True,1.215228417,29,49,1.6897,1.6897,10,98,3,30,54
True,1.247629433,32,61,1.9062,1.9062,13,122,3,30,55
True,0.602430802,21,36,1.7143,1.7143,10,72,3,8,8
True,1.262883901,19,28,1.4737,1.4737,9,56,2,20,29
True,1.499292364,21,32,1.5238,1.5238,10,64,3,18,28
True,1.454640244,3,3,1.0,1.0,4,6,2,3,3
True,1.569029125,27,48,1.7778,1.7778,12,96,3,27,48
True,4.494598234,36,79,2.1944,2.1944,17,158,4,36,78
True,2.488249551,37,77,2.0811,2.0811,20,154,4,37,77
True,4.626637557,32,69,2.1562,2.1562,16,138,4,35,81
True,0.660107099,25,43,1.72,1.72,11,86,3,26,44
True,2.733458593,17,28,1.6471,1.6471,9,56,3,17,28
True,0.0,23,33,1.4348,1.4348,8,66,2,17,23
True,1.527125581,17,23,1.3529,1.3529,8,46,2,8,10
True,4.259517675,26,49,1.8846,1.8846,14,98,3,26,48
True,3.351149877,34,63,1.8529,1.8529,12,126,3,35,65
True,1.15194582,32,60,1.875,1.875,11,120,3,21,34
True,5.969954283,32,73,2.2812,2.2812,14,146,4,32,75
True,3.179019199,21,39,1.8571,1.8571,16,78,3,22,40
True,7.469250601,35,82,2.3429,2.3429,20,164,4,35,81
True,4.827610052,41,97,2.3659,2.3659,21,194,4,40,92
True,2.632691086,27,43,1.5926,1.5926,11,86,3,20,34
True,0.0,17,24,1.4118,1.4118,8,48,2,2,1
True,1.986412059,12,20,1.6667,1.6667,8,40,3,8,12
True,1.842949293,23,42,1.8261,1.8261,11,84,3,18,30
True,3.001425987,20,26,1.3,1.3,9,52,2,13,17
True,1.445053103,31,53,1.7097,1.7097,11,106,3,16,22
True,0.0,18,27,1.5,1.5,10,54,3,11,13
True,1.753792539,25,40,1.6,1.6,10,80,3,30,54
True,3.068756279,21,34,1.619,1.619,9,68,3,21,35
True,1.968672331,29,51,1.7586,1.7586,14,102,3,22,38
True,1.947730922,21,28,1.3333,1.3333,9,56,2,9,12
True,2.432858504,24,35,1.4583,1.4583,9,70,3,14,18
True,2.477217001,6,5,0.8333,0.8333,2,10,2,6,5
True,2.997392529,3,2,0.6667,0.6667,2,4,1,3,2
True,0.0,18,25,1.3889,1.3889,7,50,2,12,17
True,2.018880865,27,48,1.7778,1.7778,10,96,3,21,35
True,2.665232867,31,55,1.7742,1.7742,12,110,3,24,40
True,3.077245969,29,52,1.7931,1.7931,10,104,3,26,45
True,1.891528335,17,26,1.5294,1.5294,9,52,3,13,15
True,0.999743186,28,46,1.6429,1.6429,10,92,3,20,30
True,1.545805056,26,41,1.5769,1.5769,10,82,3,3,3
True,3.185622483,10,11,1.1,1.1,5,22,2,10,11
True,1.879964949,13,24,1.8462,1.8462,10,48,3,15,24
True,1.224381458,22,35,1.5909,1.5909,9,70,3,23,36
True,1.634523931,26,49,1.8846,1.8846,14,98,3,16,24
True,0.0,8,8,1.0,1.0,4,16,2,8,8
True,0.0,18,24,1.3333,1.3333,6,48,2,7,8
True,0.964547659,28,50,1.7857,1.7857,14,100,3,16,24
True,1.570412502,28,50,1.7857,1.7857,12,100,3,27,48
True,2.347038965,32,60,1.875,1.875,15,120,3,31,60
True,3.36011769,29,53,1.8276,1.8276,13,106,3,24,38
True,1.483355755,23,34,1.4783,1.4783,9,68,2,12,17
True,2.210647873,9,12,1.3333,1.3333,6,24,2,9,12
True,1.548123002,21,33,1.5714,1.5714,9,66,3,19,28
True,1.014866774,23,36,1.5652,1.5652,11,72,3,11,14
True,1.426189492,24,40,1.6667,1.6667,11,80,3,23,39
True,0.999871757,21,34,1.619,1.619,10,68,3,8,10
True,1.090960456,18,30,1.6667,1.6667,11,60,3,9,15
True,1.103115209,27,43,1.5926,1.5926,11,86,3,8,10
True,1.20600269,9,8,0.8889,0.8889,4,16,1,9,8
True,0.0,26,40,1.5385,1.5385,9,80,3,18,27
True,8.716359852,3,2,0.6667,0.6667,2,4,1,4,3
True,7.21916852,3,2,0.6667,0.6667,2,4,1,4,3
True,2.244390187,23,33,1.4348,1.4348,9,66,2,22,35
True,3.68663201,8,11,1.375,1.375,6,22,2,44,97
True,1.580103565,25,46,1.84,1.84,12,92,3,29,55
True,4.018917886,29,53,1.8276,1.8276,15,106,3,39,73
True,3.946485257,16,26,1.625,1.625,11,52,3,16,26
True,4.00602764,32,60,1.875,1.875,15,120,3,32,68
True,0.0,8,8,1.0,1.0,5,16,2,4,3
True,2.868450676,10,11,1.1,1.1,5,22,2,10,11
True,3.414399908,22,36,1.6364,1.6364,10,72,3,19,29
True,1.790816699,23,39,1.6957,1.6957,11,78,3,18,24
True,0.0,13,15,1.1538,1.1538,4,30,2,3,3
True,3.269071293,31,59,1.9032,1.9032,12,118,3,30,50
True,0.0,16,22,1.375,1.375,8,44,2,10,14
True,0.918295834,19,33,1.7368,1.7368,11,66,3,12,17
True,1.712890417,26,52,2.0,2.0,13,104,4,20,35
True,0.0,0,0,0.0,0.0,0,0,0,10,11
True,1.026583659,7,8,1.1429,1.1429,5,16,2,26,44
True,0.0,12,17,1.4167,1.4167,8,34,2,11,16
True,0.945660305,15,21,1.4,1.4,7,42,2,19,28
True,1.489135332,24,44,1.8333,1.8333,13,88,3,19,33
True,0.74248757,8,10,1.25,1.25,5,20,2,8,10
True,0.721928095,13,18,1.3846,1.3846,7,36,2,12,15
True,3.223771927,33,56,1.697,1.697,15,112,3,30,55
True,1.796143624,26,45,1.7308,1.7308,13,90,3,24,39
True,2.130255911,39,95,2.4359,2.4359,18,190,4,39,95
True,0.380946586,13,18,1.3846,1.3846,8,36,2,8,9
True,0.0,23,33,1.4348,1.4348,11,66,3,10,13
True,0.959356208,22,36,1.6364,1.6364,10,72,3,19,27
True,0.823811633,19,30,1.5789,1.5789,11,60,3,13,18
True,0.0,23,39,1.6957,1.6957,11,78,3,14,19
True,0.992774454,26,43,1.6538,1.6538,11,86,3,8,10
True,1.634342748,26,42,1.6154,1.6154,11,84,3,10,14
True,1.700331947,13,16,1.2308,1.2308,7,32,2,11,14
True,2.410426363,30,62,2.0667,2.0667,14,124,4,20,34
True,1.661592163,22,37,1.6818,1.6818,12,74,3,15,24
True,1.699538604,29,49,1.6897,1.6897,12,98,3,27,45
True,1.707701925,28,47,1.6786,1.6786,12,94,3,8,10
True,0.0,10,12,1.2,1.2,5,24,2,10,12
True,0.0,16,22,1.375,1.375,8,44,2,7,10
True,0.0,10,15,1.5,1.5,7,30,3,11,16
True,2.62396853,20,32,1.6,1.6,11,64,3,28,47
True,1.97572726,32,58,1.8125,1.8125,12,116,3,19,29
True,2.536770759,28,47,1.6786,1.6786,11,94,3,25,41
True,2.697388491,37,75,2.027,2.027,14,150,4,37,71
True,0.845350937,18,26,1.4444,1.4444,11,52,2,10,13
True,1.386380199,32,58,1.8125,1.8125,13,116,3,24,39
True,3.196041648,32,73,2.2812,2.2812,19,146,4,38,98
True,1.0,19,31,1.6316,1.6316,10,62,3,15,23
True,0.0,25,45,1.8,1.8,12,90,3,10,11
True,0.558629373,23,41,1.7826,1.7826,12,82,3,18,29
True,2.762085933,26,40,1.5385,1.5385,11,80,3,20,27
True,3.051154375,36,75,2.0833,2.0833,14,150,4,41,89
True,2.137631812,25,41,1.64,1.64,13,82,3,13,19
True,0.405977038,21,30,1.4286,1.4286,8,60,3,10,13
True,0.378958788,27,47,1.7407,1.7407,10,94,3,26,43
True,3.356053478,22,45,2.0455,2.0455,17,90,4,19,39
True,0.566509507,5,4,0.8,0.8,4,8,1,5,4
True,0.0,8,10,1.25,1.25,5,20,2,8,11
True,2.410221769,35,71,2.0286,2.0286,16,142,4,20,39
True,0.149811367,8,9,1.125,1.125,6,18,2,8,9
True,3.272956536,33,65,1.9697,1.9697,14,130,3,31,60
True,3.339227633,36,86,2.3889,2.3889,17,172,4,29,70
True,0.0,17,24,1.4118,1.4118,8,48,2,7,10
True,1.520366167,31,57,1.8387,1.8387,15,114,3,25,47
True,3.573508512,27,51,1.8889,1.8889,13,102,3,16,23
True,0.0,7,9,1.2857,1.2857,5,18,2,7,9
True,0.99107606,23,34,1.4783,1.4783,10,68,3,8,11
True,1.420341434,24,43,1.7917,1.7917,12,86,3,24,43
True,3.571036218,25,36,1.44,1.44,9,72,3,26,43
True,1.168259674,19,29,1.5263,1.5263,12,58,3,36,68
True,2.47623512,30,57,1.9,1.9,14,114,3,25,46
True,0.996415648,30,55,1.8333,1.8333,11,110,3,18,28
True,2.600408125,33,70,2.1212,2.1212,15,140,4,32,65
True,1.34757583,24,36,1.5,1.5,10,72,3,6,5
True,0.301378644,12,16,1.3333,1.3333,7,32,2,8,10
True,2.493671614,4,4,1.0,1.0,5,8,2,4,4
True,1.370182123,8,10,1.25,1.25,6,20,2,3,3
True,0.0,11,14,1.2727,1.2727,5,28,2,11,12
True,1.226035725,27,50,1.8519,1.8519,12,100,3,27,46
True,1.444409244,24,39,1.625,1.625,11,78,3,7,7
True,0.998635964,26,41,1.5769,1.5769,9,82,3,9,12
True,0.803415848,23,34,1.4783,1.4783,11,68,3,5,4
True,1.180890283,5,4,0.8,0.8,4,8,1,19,31
True,1.021910324,33,65,1.9697,1.9697,15,130,3,23,42
True,0.0,25,39,1.56,1.56,11,78,3,0,0
True,2.263224746,31,55,1.7742,1.7742,11,110,3,18,24
True,0.155103272,9,11,1.2222,1.2222,6,22,2,9,11
True,2.701734413,25,39,1.56,1.56,10,78,3,24,37
True,3.467762272,37,85,2.2973,2.2973,18,170,4,27,60
True,0.666578358,18,26,1.4444,1.4444,8,52,2,18,27
True,2.738686633,26,47,1.8077,1.8077,14,94,3,21,40
True,1.942174562,27,43,1.5926,1.5926,10,86,3,27,43
True,2.970767619,19,25,1.3158,1.3158,8,50,2,8,11
True,2.874609205,37,72,1.9459,1.9459,16,144,3,30,58
True,0.833764907,13,18,1.3846,1.3846,7,36,2,12,16
True,3.965732519,33,67,2.0303,2.0303,13,134,4,31,57
True,4.302432955,43,94,2.186,2.186,20,188,4,38,81
True,0.970950594,16,22,1.375,1.375,8,44,2,8,11
True,0.0,11,10,0.9091,0.9091,4,20,1,11,10
True,2.023938753,26,42,1.6154,1.6154,12,84,3,19,28
True,0.0,22,38,1.7273,1.7273,11,76,3,15,23
True,2.236755751,27,47,1.7407,1.7407,11,94,3,31,59
True,1.962240989,24,36,1.5,1.5,9,72,3,19,28
True,1.0,13,18,1.3846,1.3846,8,36,2,12,17
True,1.82145172,27,40,1.4815,1.4815,12,80,3,14,18
True,1.981723947,28,59,2.1071,2.1071,16,118,4,32,72
True,1.858015819,35,81,2.3143,2.3143,16,162,4,29,69
True,2.783601488,22,31,1.4091,1.4091,10,62,2,19,26
True,2.308668243,33,80,2.4242,2.4242,21,160,5,29,63
True,2.730085539,30,58,1.9333,1.9333,13,116,3,28,50
True,2.952694885,37,91,2.4595,2.4595,19,182,4,33,78
True,1.728142713,34,66,1.9412,1.9412,15,132,4,23,42
True,2.119797061,31,54,1.7419,1.7419,12,108,3,26,38
True,2.741538759,30,62,2.0667,2.0667,17,124,4,33,67
True,1.686051162,29,54,1.8621,1.8621,12,108,3,18,27
True,2.693555157,28,56,2.0,2.0,14,112,4,21,36
True,3.455122486,23,38,1.6522,1.6522,11,76,3,23,36
True,0.849092166,27,46,1.7037,1.7037,12,92,3,26,45
True,0.609840305,18,25,1.3889,1.3889,8,50,2,3,3
True,0.597597776,29,49,1.6897,1.6897,13,98,3,27,44
True,2.516181236,30,60,2.0,2.0,15,120,4,25,41
True,2.388723566,23,40,1.7391,1.7391,13,80,3,15,24
True,3.521828385,28,62,2.2143,2.2143,15,124,4,12,17
True,3.25215443,13,18,1.3846,1.3846,7,36,2,13,18
True,3.406511354,26,47,1.8077,1.8077,12,94,3,40,85
True,1.381914031,30,54,1.8,1.8,14,108,3,15,20
True,0.980597441,26,39,1.5,1.5,10,78,3,8,11
True,4.162722824,30,54,1.8,1.8,11,108,3,28,50
True,2.580044513,22,35,1.5909,1.5909,7,70,3,9,12
True,2.222191576,18,27,1.5,1.5,7,54,3,12,15
True,0.40217919,28,48,1.7143,1.7143,10,96,3,9,8
True,3.012943268,36,72,2.0,2.0,13,144,4,31,58
True,0.909736123,29,52,1.7931,1.7931,11,104,3,29,51
True,0.716962252,22,36,1.6364,1.6364,10,72,3,3,3
True,1.517864253,23,37,1.6087,1.6087,8,74,3,17,24
True,3.363600282,30,53,1.7667,1.7667,11,106,3,22,34
True,0.619382195,14,18,1.2857,1.2857,8,36,2,13,17
True,0.976020648,20,34,1.7,1.7,12,68,3,16,23
True,1.428040724,30,57,1.9,1.9,14,114,3,10,14
True,0.934068055,18,24,1.3333,1.3333,8,48,2,13,18
True,1.294820355,19,25,1.3158,1.3158,9,50,2,9,10
True,0.0,6,7,1.1667,1.1667,4,14,2,7,8
True,2.373982283,26,43,1.6538,1.6538,12,86,3,25,37
True,1.797496821,25,50,2.0,2.0,12,100,4,27,59
True,2.587343825,4,6,1.5,1.5,4,12,3,4,4
True,0.235193382,32,59,1.8438,1.8438,12,118,3,27,48
True,2.490838424,33,62,1.8788,1.8788,13,124,3,24,40
True,2.485644093,32,58,1.8125,1.8125,13,116,3,23,40
True,2.295159285,30,59,1.9667,1.9667,13,118,3,36,77
True,2.683394584,40,82,2.05,2.05,15,164,4,33,64
True,0.0,8,9,1.125,1.125,6,18,2,8,9
True,5.302798479,40,90,2.25,2.25,17,180,4,34,76
True,0.0,3,3,1.0,1.0,4,6,2,3,3
True,1.247326525,24,38,1.5833,1.5833,10,76,3,29,46
True,2.482308327,36,67,1.8611,1.8611,15,134,3,35,66
True,2.716048521,32,67,2.0938,2.0938,17,134,4,28,58
True,1.96316897,27,44,1.6296,1.6296,11,88,3,20,30
True,1.695141631,40,82,2.05,2.05,15,164,4,36,70
True,1.500441326,25,43,1.72,1.72,13,86,3,25,40
True,1.485475297,7,7,1.0,1.0,4,14,2,7,7
True,0.0,4,4,1.0,1.0,4,8,2,4,4
True,3.648352309,34,72,2.1176,2.1176,19,144,4,27,55
True,2.46781655,8,9,1.125,1.125,4,18,2,8,9
True,3.083416022,23,35,1.5217,1.5217,10,70,3,26,43
True,3.422389687,25,45,1.8,1.8,12,90,3,18,27
True,2.838976135,26,51,1.9615,1.9615,13,102,3,27,52
True,2.184510718,39,83,2.1282,2.1282,16,166,4,20,32
True,1.532928552,22,31,1.4091,1.4091,10,62,2,19,27
True,2.581151027,10,13,1.3,1.3,7,26,2,6,8
True,4.239341634,13,18,1.3846,1.3846,8,36,2,43,92
True,3.583774945,39,82,2.1026,2.1026,17,164,4,30,59
True,2.670731449,31,55,1.7742,1.7742,12,110,3,33,68
True,4.081004637,29,47,1.6207,1.6207,12,94,3,16,20
True,1.278626994,33,63,1.9091,1.9091,14,126,3,29,51
True,4.667209789,40,96,2.4,2.4,19,192,4,36,78
True,0.952743171,29,53,1.8276,1.8276,12,106,3,22,36
True,2.69483719,25,37,1.48,1.48,10,74,3,13,18
True,2.221712693,28,52,1.8571,1.8571,13,104,3,24,42
True,5.185271151,24,51,2.125,2.125,13,102,4,21,47
True,3.338601105,29,60,2.069,2.069,15,120,4,16,22
True,0.928814273,31,55,1.7742,1.7742,15,110,3,30,52
True,1.54129853,8,11,1.375,1.375,6,22,2,8,11
True,2.376217541,25,51,2.04,2.04,14,102,4,17,34
True,2.825984915,26,52,2.0,2.0,14,104,4,16,25
True,0.745899097,9,12,1.3333,1.3333,7,24,2,20,31
True,3.229535792,36,77,2.1389,2.1389,16,154,4,22,35
True,1.578537922,13,22,1.6923,1.6923,11,44,3,23,43
True,1.852789959,32,59,1.8438,1.8438,15,118,3,20,33
True,0.845350937,8,9,1.125,1.125,4,18,2,8,9
True,1.685151876,31,54,1.7419,1.7419,13,108,3,15,23
True,1.876774708,17,24,1.4118,1.4118,10,48,2,4,3
True,0.0,3,2,0.6667,0.6667,2,4,1,3,2
True,0.0,8,11,1.375,1.375,6,22,2,8,11
True,2.54291453,30,57,1.9,1.9,15,114,3,25,47
True,3.540824922,35,72,2.0571,2.0571,15,144,4,44,100
True,3.532737115,38,90,2.3684,2.3684,19,180,4,32,67
True,1.631380739,30,63,2.1,2.1,15,126,4,33,66
True,1.467876874,34,71,2.0882,2.0882,16,142,4,30,60
True,4.072063839,29,52,1.7931,1.7931,13,104,3,21,35
True,1.274771983,26,38,1.4615,1.4615,10,76,2,36,64
True,0.650022422,3,3,1.0,1.0,4,6,2,3,3
True,0.0,22,34,1.5455,1.5455,8,68,3,22,34
True,0.629249224,23,39,1.6957,1.6957,11,78,3,17,24
True,0.51594693,17,27,1.5882,1.5882,10,54,3,9,12
True,0.134029796,29,52,1.7931,1.7931,12,104,3,26,44
True,1.708160913,31,55,1.7742,1.7742,12,110,3,4,4
True,0.0,7,10,1.4286,1.4286,5,20,2,7,10
True,3.442381917,26,44,1.6923,1.6923,12,88,3,3,3
True,3.147089796,29,47,1.6207,1.6207,12,94,3,8,11
True,3.694530765,26,47,1.8077,1.8077,12,94,3,29,58
True,2.793459114,35,73,2.0857,2.0857,17,146,4,23,37
True,3.546530411,13,21,1.6154,1.6154,9,42,3,10,15
True,2.127287925,28,49,1.75,1.75,14,98,3,29,52
True,0.0,12,17,1.4167,1.4167,7,34,2,12,17
True,3.199636858,24,40,1.6667,1.6667,11,80,3,18,26
True,0.0,5,4,0.8,0.8,4,8,1,3,2
True,1.677421284,23,33,1.4348,1.4348,9,66,2,17,22
True,2.835159862,24,39,1.625,1.625,9,78,3,24,38
True,1.999047209,22,34,1.5455,1.5455,10,68,3,18,28
True,0.825626526,24,36,1.5,1.5,10,72,3,14,19
True,1.304095709,28,50,1.7857,1.7857,10,100,3,22,33
True,1.195118458,30,52,1.7333,1.7333,10,104,3,17,24
True,3.315967446,30,54,1.8,1.8,12,108,3,26,46
True,0.558629373,31,51,1.6452,1.6452,13,102,3,22,33
True,1.702534411,32,57,1.7812,1.7812,14,114,3,41,83
True,1.992004763,20,32,1.6,1.6,8,64,3,19,30
True,1.045520441,31,50,1.6129,1.6129,11,100,3,18,24
True,0.0,27,42,1.5556,1.5556,9,84,3,18,26
True,1.390167189,27,44,1.6296,1.6296,12,88,3,24,41
True,0.0,19,28,1.4737,1.4737,8,56,2,16,22
True,1.395438406,33,59,1.7879,1.7879,12,118,3,24,42
True,0.0,4,3,0.75,0.75,3,6,1,4,3
True,0.400526354,4,3,0.75,0.75,3,6,1,4,3
True,0.0,14,13,0.9286,0.9286,4,26,2,9,8
True,2.818030336,4,4,1.0,1.0,5,8,2,4,4
True,1.981278786,31,63,2.0323,2.0323,15,126,4,28,49
True,0.0,20,30,1.5,1.5,11,60,3,20,28
True,1.268666373,26,44,1.6923,1.6923,11,88,3,25,37
True,2.53956357,34,66,1.9412,1.9412,13,132,3,29,50
True,0.985228136,23,33,1.4348,1.4348,9,66,2,17,24
True,0.0,25,44,1.76,1.76,12,88,3,17,24
True,0.0,9,10,1.1111,1.1111,4,20,2,9,10
True,1.614884276,23,41,1.7826,1.7826,11,82,3,13,22
True,3.625689483,26,38,1.4615,1.4615,11,76,3,13,17
True,0.99107606,19,30,1.5789,1.5789,8,60,3,18,27
True,0.0,5,4,0.8,0.8,4,8,1,5,4
True,2.625455187,26,41,1.5769,1.5769,10,82,3,20,32
True,2.218767977,31,57,1.8387,1.8387,13,114,3,30,55
True,1.846935923,22,35,1.5909,1.5909,11,70,3,18,26
True,1.848496328,24,35,1.4583,1.4583,9,70,2,14,17
True,2.930968117,25,48,1.92,1.92,13,96,3,35,70
True,3.4668747,36,76,2.1111,2.1111,20,152,4,29,60
True,0.0,8,8,1.0,1.0,5,16,2,8,8
True,0.866725613,26,39,1.5,1.5,10,78,3,14,19
True,2.957138478,32,68,2.125,2.125,17,136,4,24,53
True,4.342128949,33,84,2.5455,2.5455,18,168,5,30,68
True,2.072042092,19,28,1.4737,1.4737,11,56,3,25,42
True,0.0,11,15,1.3636,1.3636,9,30,2,5,7
True,0.117594666,18,30,1.6667,1.6667,13,60,3,3,3
True,0.932111568,26,45,1.7308,1.7308,11,90,3,17,24
True,1.453345323,22,34,1.5455,1.5455,10,68,3,21,30
True,1.224394445,20,29,1.45,1.45,10,58,2,8,8
True,3.315936798,35,73,2.0857,2.0857,14,146,4,34,69
True,0.704576713,14,18,1.2857,1.2857,7,36,2,3,3
True,6.960501916,45,131,2.9111,2.9111,26,262,5,43,128
True,0.470289811,27,46,1.7037,1.7037,12,92,3,29,54
True,7.390946654,46,132,2.8696,2.8696,24,264,5,42,109
True,1.882102253,21,33,1.5714,1.5714,10,66,3,13,16
True,1.653715388,20,32,1.6,1.6,11,64,3,16,23
True,1.766659553,27,44,1.6296,1.6296,11,88,3,9,12
True,3.875326532,39,84,2.1538,2.1538,15,168,4,39,79
True,1.807354922,19,28,1.4737,1.4737,8,56,2,19,28
True,0.900485433,9,10,1.1111,1.1111,6,20,2,28,49
True,2.658917106,27,40,1.4815,1.4815,11,80,3,11,16
True,4.412848097,40,95,2.375,2.375,21,190,4,38,95
True,3.324706405,18,31,1.7222,1.7222,10,62,3,18,31
True,0.957169775,25,57,2.28,2.28,17,114,4,18,31
True,3.839748688,36,90,2.5,2.5,20,180,5,36,96
True,1.211293825,26,46,1.7692,1.7692,15,92,3,25,43
True,3.773293737,39,94,2.4103,2.4103,27,188,4,37,88
True,4.273395113,38,75,1.9737,1.9737,16,150,3,41,83
True,3.396653888,20,28,1.4,1.4,10,56,2,8,8
True,3.762024083,36,82,2.2778,2.2778,20,164,4,35,86
True,0.0,12,14,1.1667,1.1667,5,28,2,13,15
True,3.572259179,28,52,1.8571,1.8571,14,104,3,41,94
True,2.522503174,35,75,2.1429,2.1429,15,150,4,34,68
True,2.054044301,29,53,1.8276,1.8276,13,106,3,25,42
True,3.142233941,37,79,2.1351,2.1351,15,158,4,35,79
True,1.124562014,25,49,1.96,1.96,13,98,3,33,63
True,4.007052516,31,71,2.2903,2.2903,19,142,4,51,135
True,2.237763213,27,47,1.7407,1.7407,11,94,3,22,33
True,2.344293183,18,25,1.3889,1.3889,9,50,2,28,51
True,0.0,29,53,1.8276,1.8276,14,106,3,22,32
True,2.052521176,30,57,1.9,1.9,13,114,3,16,25
True,2.935328558,30,63,2.1,2.1,16,126,4,29,59
True,0.650022422,21,30,1.4286,1.4286,11,60,2,24,38
True,2.623927387,32,63,1.9688,1.9688,13,126,3,25,42
True,3.306926861,36,90,2.5,2.5,22,180,5,31,79
True,0.0,19,28,1.4737,1.4737,9,56,2,18,26
True,3.955096634,33,63,1.9091,1.9091,14,126,3,24,45
True,1.982868243,28,50,1.7857,1.7857,11,100,3,21,35
True,3.472307923,34,71,2.0882,2.0882,15,142,4,28,52
True,2.506126064,25,41,1.64,1.64,14,82,3,7,9
True,1.409360865,23,39,1.6957,1.6957,14,78,3,18,26
True,2.570123825,18,27,1.5,1.5,10,54,3,18,27
True,1.649276999,21,33,1.5714,1.5714,11,66,3,22,35
True,1.773263856,25,45,1.8,1.8,12,90,3,20,30
True,0.351118993,32,56,1.75,1.75,11,112,3,30,51
True,3.058280803,23,42,1.8261,1.8261,13,84,3,30,65
True,5.225603587,39,78,2.0,2.0,16,156,4,33,64
True,4.850948793,12,19,1.5833,1.5833,10,38,3,32,59
True,3.112146801,35,67,1.9143,1.9143,16,134,3,34,63
True,4.158926818,40,91,2.275,2.275,20,182,4,38,80
True,3.419761043,26,46,1.7692,1.7692,12,92,3,22,37
True,1.94000576,20,34,1.7,1.7,11,68,3,21,37
True,3.33389576,27,53,1.963,1.963,14,106,3,13,20
True,3.602636839,11,15,1.3636,1.3636,8,30,2,11,15
True,3.046009088,21,46,2.1905,2.1905,13,92,4,24,48
True,2.908796378,27,55,2.037,2.037,15,110,4,31,67
True,3.49419927,26,47,1.8077,1.8077,12,94,3,25,45
True,4.423182342,0,0,0.0,0.0,0,0,0,0,0
True,2.443421265,22,32,1.4545,1.4545,9,64,2,21,30
True,1.394459668,20,29,1.45,1.45,8,58,2,3,3
True,2.313804413,39,92,2.359,2.359,17,184,4,35,72
True,3.911562912,40,90,2.25,2.25,21,180,4,40,91
True,3.470994087,26,50,1.9231,1.9231,13,100,4,38,74
True,0.0,21,34,1.619,1.619,10,68,3,21,34
True,3.619668703,33,61,1.8485,1.8485,15,122,3,33,58
True,4.15573245,49,119,2.4286,2.4286,22,238,4,50,121
True,0.214513087,28,48,1.7143,1.7143,11,96,3,31,53
True,2.197333251,32,64,2.0,2.0,15,128,4,32,67
True,2.56417427,24,46,1.9167,1.9167,13,92,3,21,41
True,1.453577872,25,38,1.52,1.52,10,76,3,24,38
True,2.676389382,36,72,2.0,2.0,16,144,4,20,32
True,3.11852452,31,57,1.8387,1.8387,12,114,3,31,55
True,0.881290899,13,20,1.5385,1.5385,10,40,3,8,10
True,2.25216908,36,74,2.0556,2.0556,15,148,4,28,60
True,0.0,29,51,1.7586,1.7586,10,102,3,6,8
True,1.979725164,22,33,1.5,1.5,9,66,3,9,12
True,3.078920752,37,81,2.1892,2.1892,17,162,4,27,50
True,0.402382939,25,40,1.6,1.6,10,80,3,25,40
True,4.325527786,48,111,2.3125,2.3125,24,222,4,48,111
True,1.824442529,26,47,1.8077,1.8077,13,94,3,3,4
True,0.0,8,9,1.125,1.125,4,18,2,9,9
True,1.793682624,31,59,1.9032,1.9032,14,118,3,21,39
True,1.628131353,28,46,1.6429,1.6429,12,92,3,18,26
True,3.643781049,34,76,2.2353,2.2353,15,152,4,32,69
True,3.754143216,32,76,2.375,2.375,19,152,4,33,76
True,2.410008807,22,37,1.6818,1.6818,12,74,3,17,24
True,0.822404226,23,34,1.4783,1.4783,9,68,2,11,16
True,3.350634374,12,17,1.4167,1.4167,10,34,3,14,17
True,3.353903514,26,46,1.7692,1.7692,13,92,3,24,43
True,1.687953977,30,52,1.7333,1.7333,11,104,3,32,59
True,1.156779649,16,20,1.25,1.25,9,40,2,4,5
True,1.959147917,10,14,1.4,1.4,7,28,2,10,13
True,0.522559375,27,45,1.6667,1.6667,10,90,3,3,3
True,1.358124591,28,49,1.75,1.75,11,98,3,25,44
True,1.911272688,26,52,2.0,2.0,13,104,4,26,52
True,3.442425109,37,80,2.1622,2.1622,15,160,4,33,68
True,4.046153061,37,82,2.2162,2.2162,16,164,4,30,68
True,3.704990949,35,80,2.2857,2.2857,16,160,4,31,71
True,2.046800988,37,74,2.0,2.0,15,148,4,27,45
True,2.804577443,35,79,2.2571,2.2571,19,158,4,32,69
True,4.227743936,35,68,1.9429,1.9429,13,136,3,33,70
True,2.63870361,18,25,1.3889,1.3889,8,50,2,14,19
True,1.434135522,19,27,1.4211,1.4211,9,54,2,13,17
True,0.0,28,52,1.8571,1.8571,13,104,3,26,50
True,0.0,9,11,1.2222,1.2222,6,22,2,9,11
True,3.242983755,36,69,1.9167,1.9167,15,138,3,26,45
True,4.540146469,25,46,1.84,1.84,12,92,3,27,53
True,3.198513426,30,66,2.2,2.2,15,132,4,26,52
True,2.422491668,15,20,1.3333,1.3333,5,40,2,16,22
True,2.593130568,30,65,2.1667,2.1667,17,130,4,27,53
True,0.0,8,11,1.375,1.375,6,22,2,8,11
True,4.510853814,42,92,2.1905,2.1905,18,184,4,40,88
True,3.808395231,32,70,2.1875,2.1875,14,140,4,35,79
True,2.858072615,24,42,1.75,1.75,10,84,3,23,37
True,2.755727185,24,40,1.6667,1.6667,11,80,3,21,34
True,0.769192829,15,21,1.4,1.4,9,42,2,14,20
True,2.04559372,28,50,1.7857,1.7857,12,100,3,25,40
True,0.952265625,28,48,1.7143,1.7143,14,96,3,13,20
True,0.0,8,8,1.0,1.0,4,16,2,8,8
True,0.0,17,24,1.4118,1.4118,9,48,2,20,32
True,1.991533503,24,42,1.75,1.75,14,84,3,15,19
True,0.0,8,9,1.125,1.125,4,18,2,8,9
True,4.550788751,31,58,1.871,1.871,12,116,3,24,42
True,2.090092744,23,35,1.5217,1.5217,10,70,3,41,89
True,0.468247573,8,11,1.375,1.375,6,22,2,8,10
True,2.422538551,41,88,2.1463,2.1463,16,176,4,39,85
True,3.079079571,13,17,1.3077,1.3077,9,34,2,8,8
True,1.908049737,38,77,2.0263,2.0263,15,154,4,32,64
True,2.776986433,30,64,2.1333,2.1333,17,128,4,30,66
True,1.880810213,24,37,1.5417,1.5417,10,74,3,16,23
True,1.839185244,25,44,1.76,1.76,12,88,3,27,50
True,0.89158141,40,80,2.0,2.0,16,160,4,41,81
True,2.548217721,31,55,1.7742,1.7742,14,110,3,23,33
True,4.437238035,38,107,2.8158,2.8158,23,214,5,39,109
True,3.538076854,23,37,1.6087,1.6087,10,74,3,7,9
True,2.815303878,39,77,1.9744,1.9744,14,154,3,32,61
True,1.341896069,28,50,1.7857,1.7857,12,100,3,17,30
True,3.565763575,21,34,1.619,1.619,13,68,3,27,59
True,1.736805759,30,53,1.7667,1.7667,14,106,3,20,29
True,1.993928102,22,41,1.8636,1.8636,14,82,3,21,34
True,2.22288136,33,73,2.2121,2.2121,15,146,4,25,51
True,2.624490753,34,74,2.1765,2.1765,16,148,4,29,58
True,1.330307472,33,65,1.9697,1.9697,16,130,4,18,33
True,1.975758826,29,53,1.8276,1.8276,12,106,3,24,37
True,1.378783493,15,20,1.3333,1.3333,6,40,2,17,24
True,2.261539208,20,36,1.8,1.8,11,72,3,26,50
True,2.514243886,27,58,2.1481,2.1481,17,116,4,27,59
True,1.649804341,28,49,1.75,1.75,11,98,3,27,49
True,0.0,20,31,1.55,1.55,10,62,3,13,18
True,0.985228136,23,36,1.5652,1.5652,11,72,3,22,35
True,3.331828717,33,74,2.2424,2.2424,15,148,4,34,78
True,0.394683556,18,30,1.6667,1.6667,11,60,3,18,29
True,0.0,15,20,1.3333,1.3333,5,40,2,15,23
True,2.299139949,37,79,2.1351,2.1351,17,158,4,35,79
True,2.350286515,24,39,1.625,1.625,12,78,3,22,35
True,0.742850488,20,33,1.65,1.65,12,66,3,17,25
True,4.090646597,29,59,2.0345,2.0345,13,118,4,27,49
True,0.546122949,25,42,1.68,1.68,14,84,3,20,29
True,3.314008499,33,79,2.3939,2.3939,18,158,4,27,67
True,1.817043915,33,56,1.697,1.697,14,112,3,30,49
True,3.074129758,28,49,1.75,1.75,14,98,3,31,56
True,0.918295834,14,19,1.3571,1.3571,8,38,2,15,19
True,0.831322648,31,52,1.6774,1.6774,13,104,3,23,36
True,2.922408323,24,43,1.7917,1.7917,12,86,3,32,61
True,1.322494143,27,44,1.6296,1.6296,13,88,3,14,23
True,1.847195902,25,39,1.56,1.56,11,78,3,22,37
True,5.620959913,17,27,1.5882,1.5882,9,54,3,18,29
True,2.760968751,20,34,1.7,1.7,9,68,3,26,45
True,4.252888616,29,55,1.8966,1.8966,15,110,3,45,112
True,3.891363128,41,98,2.3902,2.3902,21,196,4,40,92
True,2.390270084,39,76,1.9487,1.9487,18,152,3,29,46
True,2.117193454,25,43,1.72,1.72,12,86,3,20,29
True,0.922919288,33,59,1.7879,1.7879,11,118,3,31,54
True,3.21800287,35,86,2.4571,2.4571,22,172,4,34,71
True,0.0,26,40,1.5385,1.5385,9,80,3,12,17
True,4.16229982,39,94,2.4103,2.4103,20,188,4,38,88
True,1.926293625,34,65,1.9118,1.9118,15,130,3,21,41
True,2.432984754,28,49,1.75,1.75,10,98,3,15,20
True,2.026649592,35,61,1.7429,1.7429,14,122,3,15,20
True,1.829288315,20,28,1.4,1.4,9,56,2,15,19
True,1.067164889,22,35,1.5909,1.5909,10,70,3,11,18
True,2.181635266,27,51,1.8889,1.8889,12,102,3,29,52
True,2.155569669,34,69,2.0294,2.0294,14,138,4,27,53
True,0.969010946,23,38,1.6522,1.6522,11,76,3,26,44
True,1.830787593,22,36,1.6364,1.6364,12,72,3,14,16
True,2.24330553,23,34,1.4783,1.4783,9,68,2,24,39
True,3.739351278,29,56,1.931,1.931,13,112,3,30,57
True,1.16816092,24,39,1.625,1.625,9,78,3,16,22
True,1.429206268,32,52,1.625,1.625,14,104,3,6,5
True,1.434217052,22,40,1.8182,1.8182,10,80,3,21,39
True,2.844091522,19,25,1.3158,1.3158,8,50,2,33,66
True,2.453749323,34,77,2.2647,2.2647,18,154,4,35,82
True,1.652758494,21,36,1.7143,1.7143,10,72,3,19,26
True,2.061222874,29,52,1.7931,1.7931,15,104,3,10,15
True,3.114148895,39,87,2.2308,2.2308,19,174,4,39,86
True,5.392515283,42,112,2.6667,2.6667,23,224,5,45,126
True,2.93776124,31,59,1.9032,1.9032,13,118,3,21,38
True,3.296921189,36,82,2.2778,2.2778,18,164,4,35,77
True,1.400687639,35,67,1.9143,1.9143,14,134,3,23,40
True,3.291389463,41,94,2.2927,2.2927,24,188,4,31,60
True,2.552160764,35,74,2.1143,2.1143,17,148,4,36,81
True,1.550397343,25,38,1.52,1.52,11,76,3,26,43
True,0.811278124,14,22,1.5714,1.5714,10,44,3,14,22
True,2.229164312,24,44,1.8333,1.8333,12,88,3,24,44
True,1.932783593,20,36,1.8,1.8,11,72,3,14,20
True,2.12715037,33,66,2.0,2.0,14,132,4,30,54
True,2.851750276,35,71,2.0286,2.0286,17,142,4,27,56
True,2.257417913,8,8,1.0,1.0,5,16,2,8,10
True,0.936667382,19,28,1.4737,1.4737,10,56,3,17,28
True,0.754406204,28,49,1.75,1.75,14,98,3,32,61
True,1.079569507,29,48,1.6552,1.6552,11,96,3,26,38
True,2.435448873,31,61,1.9677,1.9677,14,122,3,31,61
True,2.438583621,27,53,1.963,1.963,13,106,3,26,47
True,2.413921514,27,61,2.2593,2.2593,15,122,4,28,65
True,2.052630143,33,65,1.9697,1.9697,13,130,3,38,81
True,4.441027627,30,65,2.1667,2.1667,17,130,4,39,96
True,3.064672571,34,67,1.9706,1.9706,16,134,3,31,59
True,2.758025877,41,88,2.1463,2.1463,18,176,4,37,79
True,2.981262785,30,61,2.0333,2.0333,16,122,4,26,55
True,3.355158394,47,113,2.4043,2.4043,22,226,4,22,43
True,2.265652778,27,45,1.6667,1.6667,12,90,3,28,45
True,3.398549046,24,51,2.125,2.125,13,102,4,22,44
True,0.99107606,4,4,1.0,1.0,5,8,2,4,4
True,4.61517131,8,9,1.125,1.125,7,18,2,8,9
True,1.760187547,31,57,1.8387,1.8387,12,114,3,20,33
True,0.0,24,40,1.6667,1.6667,10,80,3,18,29
True,2.558582714,39,88,2.2564,2.2564,18,176,4,37,81
True,3.679242481,33,70,2.1212,2.1212,20,140,4,32,70
True,3.776487303,35,70,2.0,2.0,16,140,4,33,67
True,2.384197023,28,55,1.9643,1.9643,13,110,3,18,28
True,1.537569026,28,51,1.8214,1.8214,14,102,3,35,71
True,2.777455212,33,66,2.0,2.0,15,132,4,25,48
True,3.34626538,35,72,2.0571,2.0571,16,144,4,21,34
True,3.577734387,28,51,1.8214,1.8214,14,102,3,25,49
True,4.992216607,30,64,2.1333,2.1333,15,128,4,29,62
True,3.730348704,37,87,2.3514,2.3514,19,174,4,29,59
True,3.02702325,6,7,1.1667,1.1667,5,14,2,6,7
True,2.702795541,25,44,1.76,1.76,12,88,3,38,86
True,2.915390527,34,73,2.1471,2.1471,16,146,4,24,49
True,0.998635964,21,30,1.4286,1.4286,9,60,3,13,18
True,1.943874298,28,55,1.9643,1.9643,14,110,4,22,36
True,3.265980624,38,79,2.0789,2.0789,16,158,4,30,55
True,1.790545485,25,45,1.8,1.8,12,90,3,3,3
True,3.355640787,42,109,2.5952,2.5952,30,218,5,32,81
True,2.334084971,30,59,1.9667,1.9667,14,118,3,23,46
True,2.354670961,39,92,2.359,2.359,17,184,4,26,53
True,1.822585993,28,52,1.8571,1.8571,13,104,3,20,36
True,2.148828263,23,42,1.8261,1.8261,12,84,3,23,41
True,0.0,20,34,1.7,1.7,11,68,3,8,11
True,1.786391313,27,52,1.9259,1.9259,13,104,4,20,34
True,3.074527697,34,73,2.1471,2.1471,15,146,4,34,75
True,2.875453054,33,67,2.0303,2.0303,15,134,4,28,57
False,2.306520415,13,18,1.3846,1.3846,8,36,2,13,18
False,0.0,6,6,1.0,1.0,4,12,2,6,6
False,0.0,3,3,1.0,1.0,4,6,2,3,3
False,1.657327078,23,40,1.7391,1.7391,11,80,3,26,50
False,1.702589796,25,40,1.6,1.6,9,80,3,14,19
False,0.0,20,33,1.65,1.65,9,66,3,23,37
False,2.306520415,13,18,1.3846,1.3846,8,36,2,13,18
False,0.0,12,15,1.25,1.25,7,30,2,19,29
False,1.584962501,15,19,1.2667,1.2667,8,38,2,11,13
False,0.0,14,19,1.3571,1.3571,8,38,2,8,11
False,0.0,8,11,1.375,1.375,6,22,2,8,11
False,0.0,12,15,1.25,1.25,6,30,2,3,2
False,1.106256103,7,7,1.0,1.0,4,14,2,7,7
False,0.0,26,40,1.5385,1.5385,11,80,3,22,33
False,0.642206422,16,19,1.1875,1.1875,5,38,2,16,19
False,0.970950594,9,11,1.2222,1.2222,6,22,2,3,4
False,0.0,6,5,0.8333,0.8333,5,10,2,6,5
False,0.936667382,10,13,1.3,1.3,5,26,2,22,37
False,0.0,13,17,1.3077,1.3077,7,34,2,5,6
False,0.0,19,27,1.4211,1.4211,10,54,2,11,13
False,2.718463344,19,28,1.4737,1.4737,10,56,2,29,60
False,0.0,21,36,1.7143,1.7143,12,72,3,17,27
False,0.0,10,13,1.3,1.3,7,26,2,2,1
False,0.0,6,8,1.3333,1.3333,5,16,2,3,2
False,2.582167,27,50,1.8519,1.8519,11,100,3,24,42
False,1.530124965,7,8,1.1429,1.1429,5,16,2,9,11
False,0.0,10,12,1.2,1.2,6,24,2,10,12
False,0.811278124,18,28,1.5556,1.5556,11,56,3,17,23
False,0.764204507,8,11,1.375,1.375,6,22,2,9,8
False,0.0,6,6,1.0,1.0,4,12,2,6,6
False,1.455925683,21,38,1.8095,1.8095,12,76,3,9,14
False,2.349188563,18,28,1.5556,1.5556,10,56,3,21,41
False,0.918295834,9,13,1.4444,1.4444,7,26,2,9,13
False,1.890244561,12,17,1.4167,1.4167,7,34,2,33,63
False,0.0,5,3,0.6,0.6,2,6,1,21,35
False,0.970950594,20,26,1.3,1.3,8,52,2,22,34
False,0.0,26,40,1.5385,1.5385,11,80,3,22,33
False,0.749595257,13,15,1.1538,1.1538,6,30,2,15,20
False,0.619382195,23,38,1.6522,1.6522,9,76,3,11,13
False,0.0,20,33,1.65,1.65,9,66,3,23,37
False,1.405639062,20,32,1.6,1.6,11,64,3,13,18
False,0.0,22,33,1.5,1.5,9,66,3,8,10
False,0.650022422,19,31,1.6316,1.6316,11,62,3,18,25
False,0.0,9,12,1.3333,1.3333,7,24,2,2,1
False,0.932111568,19,29,1.5263,1.5263,9,58,3,10,10
False,2.921928095,4,4,1.0,1.0,5,8,2,4,4
False,0.0,8,9,1.125,1.125,4,18,2,8,9
False,0.0,29,51,1.7586,1.7586,12,102,3,13,18
False,0.863120569,9,11,1.2222,1.2222,6,22,2,8,11
False,0.999525689,13,17,1.3077,1.3077,7,34,2,15,21
False,0.591672779,8,9,1.125,1.125,4,18,2,18,28
False,4.373741011,21,42,2.0,2.0,16,84,4,23,46
False,1.626428632,4,4,1.0,1.0,4,8,2,3,3
False,0.0,11,15,1.3636,1.3636,7,30,2,12,15
False,0.954434003,14,22,1.5714,1.5714,10,44,3,13,18
False,0.0,9,10,1.1111,1.1111,4,20,2,9,10
False,0.0,12,19,1.5833,1.5833,10,38,3,11,15
False,0.0,10,14,1.4,1.4,7,28,2,10,14
False,1.5,18,29,1.6111,1.6111,9,58,3,18,29
False,0.941150452,29,71,2.4483,2.4483,13,142,4,27,65
False,0.0,7,7,1.0,1.0,4,14,2,7,7
False,0.0,17,22,1.2941,1.2941,9,44,2,7,9
False,1.295461844,3,2,0.6667,0.6667,2,4,1,5,7
False,0.0,8,8,1.0,1.0,5,16,2,8,8
False,0.591672779,18,28,1.5556,1.5556,8,56,3,7,7
False,1.561885779,30,59,1.9667,1.9667,15,118,3,35,76
False,2.747903971,30,59,1.9667,1.9667,15,118,4,31,62
False,0.0,6,6,1.0,1.0,4,12,2,6,6
False,1.584962501,15,19,1.2667,1.2667,8,38,2,11,13
False,0.0,6,8,1.3333,1.3333,5,16,2,4,3
False,1.455925683,21,38,1.8095,1.8095,12,76,3,9,14
False,0.0,10,15,1.5,1.5,6,30,3,10,15
False,3.17615065,3,3,1.0,1.0,4,6,2,3,3
False,0.985228136,21,36,1.7143,1.7143,10,72,3,13,21
False,0.721928095,11,11,1.0,1.0,6,22,2,6,6
False,0.863120569,9,11,1.2222,1.2222,6,22,2,8,11
False,0.0,18,33,1.8333,1.8333,11,66,3,4,4
False,1.507861222,11,15,1.3636,1.3636,7,30,2,17,22
False,0.0,6,8,1.3333,1.3333,5,16,2,4,3
False,0.764204507,8,11,1.375,1.375,6,22,2,9,8
False,2.32942261,20,32,1.6,1.6,10,64,3,16,23
False,1.581581478,14,21,1.5,1.5,8,42,3,2,1
False,0.0,15,20,1.3333,1.3333,7,40,2,11,15
False,1.96559623,6,9,1.5,1.5,6,18,3,3,4
False,0.0,7,9,1.2857,1.2857,4,18,2,11,18
False,2.713368522,31,68,2.1935,2.1935,17,136,4,32,70
False,0.976634911,15,19,1.2667,1.2667,7,38,2,4,2
False,0.0,16,26,1.625,1.625,9,52,3,16,26
False,0.0,7,8,1.1429,1.1429,5,16,2,7,8
False,1.309296668,3,3,1.0,1.0,4,6,2,3,3
False,0.0,17,25,1.4706,1.4706,9,50,2,8,8
False,0.0,11,15,1.3636,1.3636,7,30,2,12,15
False,0.0,21,31,1.4762,1.4762,8,62,2,18,25
False,3.111304857,31,71,2.2903,2.2903,17,142,4,31,71
False,0.0,9,11,1.2222,1.2222,6,22,2,9,11
False,0.0,7,9,1.2857,1.2857,5,18,2,12,17
False,2.32942261,20,32,1.6,1.6,10,64,3,16,23
False,0.0,19,28,1.4737,1.4737,9,56,2,15,20
False,0.619382195,23,38,1.6522,1.6522,9,76,3,11,13
False,0.0,24,36,1.5,1.5,12,72,3,7,10
False,0.0,14,21,1.5,1.5,8,42,3,14,21
False,2.845100066,18,23,1.2778,1.2778,8,46,2,6,7
False,1.515727327,12,18,1.5,1.5,8,36,3,10,12
False,0.0,3,2,0.6667,0.6667,2,4,1,3,2
False,0.0,7,7,1.0,1.0,4,14,2,7,7
False,0.863120569,27,46,1.7037,1.7037,12,92,3,20,35
False,0.0,15,20,1.3333,1.3333,5,40,2,12,13
False,0.0,8,8,1.0,1.0,4,16,2,8,8
False,0.0,10,12,1.2,1.2,4,24,2,9,12
False,0.0,12,17,1.4167,1.4167,7,34,2,12,17
False,4.373741011,21,42,2.0,2.0,16,84,4,23,46
False,0.976020648,14,19,1.3571,1.3571,8,38,2,6,6
False,1.360964047,20,29,1.45,1.45,11,58,2,11,14
False,0.0,26,40,1.5385,1.5385,11,80,3,22,33
False,3.692870654,13,19,1.4615,1.4615,9,38,2,44,102
False,0.0,11,13,1.1818,1.1818,5,26,2,12,16
False,0.0,17,22,1.2941,1.2941,9,44,2,7,9
False,0.380946586,6,6,1.0,1.0,5,12,2,6,6
False,1.746791491,20,33,1.65,1.65,14,66,3,33,66
False,2.505684823,40,73,1.825,1.825,15,146,3,40,73
False,0.0,15,20,1.3333,1.3333,7,40,2,11,15
False,1.436545552,19,24,1.2632,1.2632,10,48,2,19,25
False,0.503258335,18,31,1.7222,1.7222,10,62,3,18,31
False,1.309296668,3,3,1.0,1.0,4,6,2,3,3
False,0.0,7,9,1.2857,1.2857,5,18,2,12,17
False,2.672071857,25,42,1.68,1.68,10,84,3,23,38
False,0.0,8,11,1.375,1.375,6,22,2,8,11
False,1.438758681,12,12,1.0,1.0,5,24,2,11,9
False,5.360380913,10,11,1.1,1.1,6,22,2,41,90
False,0.0,7,9,1.2857,1.2857,5,18,2,12,17
False,0.721928095,11,11,1.0,1.0,6,22,2,6,6
False,0.811278124,13,16,1.2308,1.2308,6,32,2,13,15
False,0.0,8,9,1.125,1.125,4,18,2,8,9
False,3.382399143,17,23,1.3529,1.3529,7,46,2,17,23
False,0.0,5,6,1.2,1.2,4,12,2,5,6
False,3.093951958,16,24,1.5,1.5,11,48,3,16,24
False,0.0,6,9,1.5,1.5,6,18,3,6,9
False,2.713368522,31,68,2.1935,2.1935,17,136,4,32,70
False,0.0,22,37,1.6818,1.6818,11,74,3,8,8
False,0.961236605,16,23,1.4375,1.4375,9,46,2,3,3
False,0.764204507,18,28,1.5556,1.5556,11,56,3,17,23
False,1.553425561,19,31,1.6316,1.6316,11,62,3,21,34
False,0.0,7,7,1.0,1.0,4,14,2,7,7
False,0.811278124,18,28,1.5556,1.5556,11,56,3,17,23
False,2.834507165,9,13,1.4444,1.4444,6,26,2,8,12
False,0.0,7,7,1.0,1.0,4,14,2,7,7
False,0.863120569,18,25,1.3889,1.3889,8,50,2,17,21
False,1.553425561,19,31,1.6316,1.6316,11,62,3,21,34
False,0.0,19,28,1.4737,1.4737,9,56,2,15,20
False,1.946926472,16,26,1.625,1.625,10,52,3,18,32
False,1.295461844,3,2,0.6667,0.6667,2,4,1,5,7
False,0.0,7,7,1.0,1.0,4,14,2,7,7
False,0.0,14,19,1.3571,1.3571,8,38,2,8,11
False,0.0,17,24,1.4118,1.4118,8,48,2,3,3
False,0.0,7,9,1.2857,1.2857,5,18,2,12,17
False,1.455925683,21,38,1.8095,1.8095,12,76,3,9,14
False,0.0,13,18,1.3846,1.3846,7,36,2,12,15
False,1.746791491,20,33,1.65,1.65,14,66,3,33,66
False,0.0,13,17,1.3077,1.3077,7,34,2,8,11
False,0.0,3,2,0.6667,0.6667,2,4,1,7,8
False,2.613830024,37,74,2.0,2.0,17,148,4,33,59
False,0.0,8,9,1.125,1.125,5,18,2,8,9
False,0.904381458,31,58,1.871,1.871,13,116,3,33,65
False,0.0,24,34,1.4167,1.4167,10,68,2,0,0
False,2.467460507,30,56,1.8667,1.8667,12,112,3,37,72
False,4.20970824,14,21,1.5,1.5,8,42,3,7,10
False,0.0,13,18,1.3846,1.3846,7,36,2,12,15
False,0.749595257,13,15,1.1538,1.1538,6,30,2,15,20
False,1.0,21,30,1.4286,1.4286,9,60,3,9,12
False,0.0,10,12,1.2,1.2,4,24,2,9,12
False,1.106256103,7,7,1.0,1.0,4,14,2,7,7
False,1.920349408,20,35,1.75,1.75,11,70,3,17,26
False,0.0,6,9,1.5,1.5,6,18,3,6,9
False,1.438758681,12,12,1.0,1.0,5,24,2,11,9
False,2.613830024,37,74,2.0,2.0,17,148,4,33,59
False,0.0,13,21,1.6154,1.6154,7,42,3,13,21
False,0.0,14,23,1.6429,1.6429,10,46,3,14,23
False,2.467460507,30,56,1.8667,1.8667,12,112,3,37,72
False,0.0,8,11,1.375,1.375,6,22,2,8,11
False,2.845100066,18,23,1.2778,1.2778,8,46,2,6,7
False,1.802386474,27,47,1.7407,1.7407,11,94,3,16,25
False,0.0,14,23,1.6429,1.6429,10,46,3,14,23
False,1.360964047,20,29,1.45,1.45,11,58,2,11,14
False,0.0,14,23,1.6429,1.6429,10,46,3,14,23
False,0.0,11,15,1.3636,1.3636,7,30,2,12,15
False,0.0,22,37,1.6818,1.6818,11,74,3,8,8
False,0.0,14,23,1.6429,1.6429,10,46,3,14,23
False,0.0,9,10,1.1111,1.1111,4,20,2,9,10
False,0.0,17,23,1.3529,1.3529,9,46,2,16,20
False,1.936378768,19,28,1.4737,1.4737,11,56,2,13,23
False,0.0,12,19,1.5833,1.5833,10,38,3,11,15
False,0.0,18,24,1.3333,1.3333,8,48,2,7,9
False,0.0,13,18,1.3846,1.3846,7,36,2,12,15
False,0.0,22,34,1.5455,1.5455,9,68,3,20,30
False,0.0,17,23,1.3529,1.3529,9,46,2,16,20
False,0.863120569,9,11,1.2222,1.2222,6,22,2,8,11
False,0.0,10,12,1.2,1.2,4,24,2,9,12
False,0.0,17,22,1.2941,1.2941,9,44,2,7,9
False,0.0,6,9,1.5,1.5,6,18,3,6,9
False,0.904381458,31,58,1.871,1.871,13,116,3,33,65
False,4.949564674,0,0,0.0,0.0,0,0,0,0,0
False,1.548580607,7,10,1.4286,1.4286,5,20,2,4,6
False,0.0,3,3,1.0,1.0,4,6,2,3,3
False,1.109726204,20,32,1.6,1.6,8,64,3,18,27
False,0.0,7,9,1.2857,1.2857,6,18,2,6,6
False,0.380946586,6,6,1.0,1.0,5,12,2,6,6
False,0.936667382,10,13,1.3,1.3,5,26,2,22,37
False,0.0,18,33,1.8333,1.8333,11,66,3,4,4
False,2.333206219,21,32,1.5238,1.5238,10,64,3,19,31
False,1.460222616,22,33,1.5,1.5,10,66,3,18,25
False,0.904381458,31,58,1.871,1.871,13,116,3,33,65
False,0.315997133,23,33,1.4348,1.4348,10,66,2,10,12
False,0.0,17,23,1.3529,1.3529,8,46,2,7,8
False,1.460222616,18,25,1.3889,1.3889,9,50,2,22,33
False,0.0,24,36,1.5,1.5,12,72,3,7,10
False,0.0,22,32,1.4545,1.4545,11,64,2,29,54
False,0.0,22,37,1.6818,1.6818,11,74,3,8,8
False,1.908720787,18,36,2.0,2.0,13,72,4,17,35
False,0.0,8,9,1.125,1.125,5,18,2,8,9
False,3.366091329,20,34,1.7,1.7,10,68,3,20,34
False,0.0,6,8,1.3333,1.3333,5,16,2,4,3
False,0.672294817,10,13,1.3,1.3,6,26,2,10,13
False,3.366091329,20,34,1.7,1.7,10,68,3,20,34
False,0.593079021,26,47,1.8077,1.8077,12,94,3,22,37
False,1.752715279,21,34,1.619,1.619,10,68,3,19,27
False,0.0,17,24,1.4118,1.4118,8,48,2,3,3
False,0.0,10,12,1.2,1.2,4,24,2,11,15
False,0.0,16,26,1.625,1.625,9,52,3,16,26
False,0.0,17,24,1.4118,1.4118,8,48,2,18,25
False,0.0,20,31,1.55,1.55,9,62,3,8,9
False,0.0,19,28,1.4737,1.4737,9,56,2,12,17
False,0.0,8,8,1.0,1.0,4,16,2,8,8
False,0.0,28,48,1.7143,1.7143,12,96,3,23,39
False,0.0,6,8,1.3333,1.3333,5,16,2,4,3
False,0.0,17,23,1.3529,1.3529,8,46,2,7,8
False,0.0,14,22,1.5714,1.5714,10,44,3,14,22
False,0.0,13,17,1.3077,1.3077,6,34,2,13,17
False,0.0,9,10,1.1111,1.1111,4,20,2,9,10
False,2.747903971,30,59,1.9667,1.9667,15,118,4,31,62
False,0.0,13,16,1.2308,1.2308,7,32,2,11,14
False,5.889680181,7,7,1.0,1.0,4,14,2,7,7
False,0.0,12,17,1.4167,1.4167,7,34,2,7,8
False,0.0,6,9,1.5,1.5,6,18,3,6,9
False,0.976634911,15,19,1.2667,1.2667,7,38,2,4,2
False,2.613830024,37,74,2.0,2.0,17,148,4,33,59
False,0.0,8,8,1.0,1.0,4,16,2,8,8
False,0.672294817,10,13,1.3,1.3,6,26,2,10,13
False,2.747903971,30,59,1.9667,1.9667,15,118,4,31,62
False,0.985228136,21,36,1.7143,1.7143,10,72,3,13,21
False,0.0,26,40,1.5385,1.5385,11,80,3,22,33
False,1.106256103,7,7,1.0,1.0,4,14,2,7,7
False,0.0,12,19,1.5833,1.5833,10,38,3,11,15
False,0.0,14,17,1.2143,1.2143,7,34,2,4,3
False,2.718463344,19,28,1.4737,1.4737,10,56,2,29,60
False,0.0,3,2,0.6667,0.6667,2,4,1,7,8
False,0.0,8,11,1.375,1.375,6,22,2,8,11
False,0.0,14,23,1.6429,1.6429,10,46,3,14,23
False,0.0,19,31,1.6316,1.6316,9,62,3,19,31
False,0.0,13,16,1.2308,1.2308,7,32,2,11,14
False,0.976020648,14,19,1.3571,1.3571,8,38,2,6,6
False,0.0,14,22,1.5714,1.5714,10,44,3,14,22
False,0.0,8,8,1.0,1.0,4,16,2,8,8
False,0.0,7,9,1.2857,1.2857,5,18,2,7,9
False,0.0,20,24,1.2,1.2,8,48,2,8,9
False,0.941150452,29,71,2.4483,2.4483,13,142,4,27,65
False,0.0,21,31,1.4762,1.4762,8,62,2,18,25
False,0.985228136,21,36,1.7143,1.7143,10,72,3,13,21
False,0.0,8,10,1.25,1.25,6,20,2,20,33
False,2.718463344,19,28,1.4737,1.4737,10,56,2,29,60
False,0.99107606,22,35,1.5909,1.5909,10,70,3,10,11
False,3.111304857,31,71,2.2903,2.2903,17,142,4,31,71
False,0.0,19,27,1.4211,1.4211,10,54,2,11,13
False,2.747903971,30,59,1.9667,1.9667,15,118,4,31,62
False,0.619382195,23,38,1.6522,1.6522,9,76,3,11,13
False,0.0,8,9,1.125,1.125,4,18,2,8,9
False,0.0,17,24,1.4118,1.4118,8,48,2,3,3
False,1.515727327,12,18,1.5,1.5,8,36,3,10,12
False,0.0,8,9,1.125,1.125,4,18,2,8,9
False,0.0,10,13,1.3,1.3,7,26,2,2,1
False,0.0,4,3,0.75,0.75,3,6,1,4,3
False,2.30134844,18,28,1.5556,1.5556,8,56,3,18,28
False,0.0,24,40,1.6667,1.6667,12,80,3,7,7
False,1.639602808,28,46,1.6429,1.6429,11,92,3,19,26
False,0.918295834,9,13,1.4444,1.4444,7,26,2,9,13
False,0.591672779,8,9,1.125,1.125,4,18,2,18,28
False,1.746791491,20,33,1.65,1.65,14,66,3,33,66
False,3.576974551,3,2,0.6667,0.6667,2,4,1,3,2
False,1.521928095,9,12,1.3333,1.3333,6,24,2,9,12
False,0.0,19,27,1.4211,1.4211,10,54,2,11,13
False,0.0,7,7,1.0,1.0,4,14,2,7,7
False,1.460222616,18,25,1.3889,1.3889,9,50,2,22,33
False,1.553425561,19,31,1.6316,1.6316,11,62,3,21,34
False,2.910992253,10,13,1.3,1.3,7,26,2,9,12
False,2.747903971,30,59,1.9667,1.9667,15,118,4,31,62
False,0.672294817,10,13,1.3,1.3,6,26,2,10,13
False,0.787126586,13,19,1.4615,1.4615,7,38,2,3,2
False,4.373741011,21,42,2.0,2.0,16,84,4,23,46
False,0.0,13,17,1.3077,1.3077,7,34,2,5,6
False,1.530124965,7,8,1.1429,1.1429,5,16,2,9,11
False,1.494349704,3,3,1.0,1.0,4,6,2,3,3
False,0.0,10,12,1.2,1.2,4,24,2,9,12
False,1.936378768,19,28,1.4737,1.4737,11,56,2,13,23
False,2.30134844,18,28,1.5556,1.5556,8,56,3,18,28
False,1.0,3,2,0.6667,0.6667,2,4,1,3,2
False,0.0,7,9,1.2857,1.2857,6,18,2,6,7
False,0.0,8,8,1.0,1.0,4,16,2,8,8
False,2.613830024,37,74,2.0,2.0,17,148,4,33,59
False,0.0,12,17,1.4167,1.4167,7,34,2,7,8
False,0.0,18,33,1.8333,1.8333,11,66,3,4,4
False,0.0,17,26,1.5294,1.5294,7,52,3,16,23
False,0.0,13,17,1.3077,1.3077,9,34,2,10,11
False,0.912218204,19,27,1.4211,1.4211,8,54,2,12,17
False,0.0,8,8,1.0,1.0,4,16,2,8,8
False,0.764204507,8,11,1.375,1.375,6,22,2,9,8
False,0.0,3,2,0.6667,0.6667,2,4,1,7,8
False,0.0,7,7,1.0,1.0,4,14,2,7,7
False,0.0,6,8,1.3333,1.3333,5,16,2,3,2
False,2.718463344,19,28,1.4737,1.4737,10,56,2,29,60
False,2.67461436,27,47,1.7407,1.7407,12,94,3,22,37
False,0.0,3,3,1.0,1.0,4,6,2,3,3
False,0.0,17,24,1.4118,1.4118,8,48,2,3,3
False,1.798285475,19,35,1.8421,1.8421,10,70,3,23,39
False,0.863120569,19,27,1.4211,1.4211,8,54,2,13,17
False,1.493688758,27,56,2.0741,2.0741,13,112,4,27,54
False,0.0,12,19,1.5833,1.5833,10,38,3,11,15
False,1.904523067,15,22,1.4667,1.4667,7,44,2,15,21
False,0.0,3,3,1.0,1.0,4,6,2,3,3
False,1.549397853,25,38,1.52,1.52,9,76,3,20,32
False,0.0,18,33,1.8333,1.8333,11,66,3,4,4
False,0.0,9,8,0.8889,0.8889,4,16,1,13,17
False,0.954434003,17,23,1.3529,1.3529,8,46,2,11,12
False,0.0,20,31,1.55,1.55,9,62,3,8,9
False,1.44664796,19,27,1.4211,1.4211,9,54,2,18,24
False,1.665103187,26,41,1.5769,1.5769,11,82,3,22,34
False,0.0,27,47,1.7407,1.7407,16,94,3,3,2
False,0.0,19,31,1.6316,1.6316,9,62,3,19,31
False,0.0,3,2,0.6667,0.6667,2,4,1,3,2
False,0.0,6,5,0.8333,0.8333,3,10,2,0,0
False,0.0,8,9,1.125,1.125,4,18,2,8,9
False,0.0,10,12,1.2,1.2,4,24,2,11,15
False,0.811278124,18,28,1.5556,1.5556,11,56,3,17,23
False,4.949564674,0,0,0.0,0.0,0,0,0,0,0
False,0.0,8,8,1.0,1.0,4,16,2,8,8
False,0.69621226,13,21,1.6154,1.6154,9,42,3,10,15
False,3.093951958,16,24,1.5,1.5,11,48,3,16,24
False,0.932111568,19,29,1.5263,1.5263,9,58,3,10,10
False,0.964078765,14,17,1.2143,1.2143,8,34,2,10,10
False,0.0,5,6,1.2,1.2,4,12,2,5,6
False,0.0,11,15,1.3636,1.3636,6,30,2,11,14
False,0.0,16,21,1.3125,1.3125,8,42,2,17,22
False,1.418295834,21,29,1.381,1.381,8,58,2,16,23
False,0.591672779,8,9,1.125,1.125,4,18,2,18,28
False,0.0,19,28,1.4737,1.4737,9,56,2,3,3
False,0.811278124,13,16,1.2308,1.2308,6,32,2,13,15
False,0.999525689,13,17,1.3077,1.3077,7,34,2,15,21
False,2.119329074,19,30,1.5789,1.5789,12,60,3,11,14
False,0.954434003,17,23,1.3529,1.3529,8,46,2,11,12
False,1.584962501,15,19,1.2667,1.2667,8,38,2,11,13
False,0.918295834,9,13,1.4444,1.4444,7,26,2,9,13
False,0.0,7,9,1.2857,1.2857,5,18,2,7,9
False,0.291818257,15,20,1.3333,1.3333,5,40,2,15,20
False,1.309296668,3,3,1.0,1.0,4,6,2,3,3
False,1.455925683,21,38,1.8095,1.8095,12,76,3,9,14
False,1.600838843,19,33,1.7368,1.7368,11,66,3,19,33
False,0.642206422,16,19,1.1875,1.1875,5,38,2,16,19
False,0.0,21,36,1.7143,1.7143,12,72,3,17,27
False,1.904523067,15,22,1.4667,1.4667,7,44,2,15,21
False,1.90255033,26,41,1.5769,1.5769,12,82,3,3,2
False,0.0,13,21,1.6154,1.6154,7,42,3,13,21
False,0.811278124,18,28,1.5556,1.5556,11,56,3,17,23
False,1.908720787,18,36,2.0,2.0,13,72,4,17,35
False,0.0,6,6,1.0,1.0,4,12,2,6,6
False,0.0,12,19,1.5833,1.5833,10,38,3,11,15
False,1.360964047,20,29,1.45,1.45,11,58,2,11,14
False,0.591672779,8,9,1.125,1.125,4,18,2,18,28
False,0.863120569,9,11,1.2222,1.2222,6,22,2,8,11
False,0.0,13,17,1.3077,1.3077,6,34,2,13,17
False,1.946926472,16,26,1.625,1.625,10,52,3,18,32
False,0.0,11,13,1.1818,1.1818,5,26,2,12,16
False,2.306520415,13,18,1.3846,1.3846,8,36,2,13,18
False,0.0,19,26,1.3684,1.3684,8,52,2,16,18
False,0.0,8,9,1.125,1.125,6,18,2,8,9
False,0.0,14,20,1.4286,1.4286,7,40,2,9,10
False,1.428276786,17,27,1.5882,1.5882,10,54,3,11,15
False,1.752715279,21,34,1.619,1.619,10,68,3,19,27
False,0.0,17,23,1.3529,1.3529,8,46,2,7,8
False,0.0,20,32,1.6,1.6,10,64,3,8,9
False,0.0,22,32,1.4545,1.4545,11,64,2,29,54
False,0.0,10,14,1.4,1.4,7,28,2,10,14
False,2.30134844,18,28,1.5556,1.5556,8,56,3,18,28
False,0.672294817,10,13,1.3,1.3,6,26,2,10,13
False,0.0,10,9,0.9,0.9,3,18,1,11,10
False,0.0,14,17,1.2143,1.2143,7,34,2,4,3
False,0.98285869,24,45,1.875,1.875,12,90,3,19,30
False,0.787126586,19,29,1.5263,1.5263,8,58,3,0,0
False,0.999525689,13,17,1.3077,1.3077,7,34,2,15,21
False,1.904523067,15,22,1.4667,1.4667,7,44,2,15,21
False,0.0,7,6,0.8571,0.8571,4,12,1,5,6
False,1.360599683,17,24,1.4118,1.4118,9,48,2,14,19
False,2.467460507,30,56,1.8667,1.8667,12,112,3,37,72
False,2.459147917,21,29,1.381,1.381,7,58,2,25,42
False,1.44664796,19,27,1.4211,1.4211,9,54,2,18,24
False,0.0,16,26,1.625,1.625,9,52,3,16,26
False,1.904523067,15,22,1.4667,1.4667,7,44,2,15,21
False,0.0,12,15,1.25,1.25,7,30,2,19,29
False,0.99107606,12,17,1.4167,1.4167,8,34,2,8,11
False,2.553976712,7,8,1.1429,1.1429,5,16,2,3,2
False,0.0,17,26,1.5294,1.5294,9,52,3,22,40
False,1.438758681,12,12,1.0,1.0,5,24,2,11,9
False,0.0,22,34,1.5455,1.5455,9,68,3,20,30
False,0.0,16,23,1.4375,1.4375,7,46,2,16,23
False,0.0,3,2,0.6667,0.6667,2,4,1,3,2
False,0.0,9,12,1.3333,1.3333,7,24,2,2,1
False,0.721928095,11,11,1.0,1.0,6,22,2,6,6
False,0.0,12,17,1.4167,1.4167,7,34,2,12,17
False,1.702589796,25,40,1.6,1.6,9,80,3,14,19
False,0.0,13,17,1.3077,1.3077,7,34,2,5,6
False,1.584962501,3,2,0.6667,0.6667,2,4,1,4,3
False,1.82211915,19,26,1.3684,1.3684,6,52,2,18,23
False,4.949564674,0,0,0.0,0.0,0,0,0,0,0
False,1.166825085,18,30,1.6667,1.6667,8,60,3,22,35
False,2.1028636,17,25,1.4706,1.4706,9,50,2,34,61
False,0.0,17,23,1.3529,1.3529,8,46,2,7,8
False,0.764204507,18,28,1.5556,1.5556,11,56,3,17,23
False,1.752715279,5,5,1.0,1.0,4,10,2,3,4
False,1.959013449,33,78,2.3636,2.3636,19,156,4,33,78
False,1.936378768,19,28,1.4737,1.4737,11,56,2,13,23
False,1.584962501,3,2,0.6667,0.6667,2,4,1,4,3
False,0.0,14,20,1.4286,1.4286,7,40,2,9,10
False,0.522559375,20,32,1.6,1.6,12,64,3,10,14
False,0.0,4,3,0.75,0.75,3,6,1,4,3
False,3.407264955,8,8,1.0,1.0,5,16,2,36,72
False,0.0,17,22,1.2941,1.2941,9,44,2,7,9
False,0.0,10,12,1.2,1.2,4,24,2,11,15
False,0.0,12,15,1.25,1.25,6,30,2,3,2
False,3.111304857,31,71,2.2903,2.2903,17,142,4,31,71
False,0.0,13,16,1.2308,1.2308,7,32,2,11,14
False,5.360380913,10,11,1.1,1.1,6,22,2,41,90
False,3.179710196,8,8,1.0,1.0,4,16,2,8,8
False,0.524686059,35,66,1.8857,1.8857,14,132,3,37,72
False,0.970950594,10,13,1.3,1.3,8,26,2,14,21
False,0.0,6,5,0.8333,0.8333,3,10,2,0,0
False,2.333206219,21,32,1.5238,1.5238,10,64,3,19,31
False,0.0,12,15,1.25,1.25,6,30,2,3,2
False,0.0,17,26,1.5294,1.5294,9,52,3,22,40
False,0.0,13,21,1.6154,1.6154,7,42,3,13,21
False,1.493688758,27,56,2.0741,2.0741,13,112,4,27,54
False,0.524686059,35,66,1.8857,1.8857,14,132,3,37,72
False,0.672294817,10,13,1.3,1.3,6,26,2,10,13
False,1.438758681,12,12,1.0,1.0,5,24,2,11,9
False,3.692870654,13,19,1.4615,1.4615,9,38,2,44,102
False,2.333206219,21,32,1.5238,1.5238,10,64,3,19,31
False,0.787126586,13,19,1.4615,1.4615,7,38,2,3,2
False,1.370950594,13,16,1.2308,1.2308,9,32,2,14,17
False,0.0,18,33,1.8333,1.8333,11,66,3,4,4
False,0.182605877,4,4,1.0,1.0,3,8,2,7,7
False,4.949564674,0,0,0.0,0.0,0,0,0,0,0
False,0.0,6,5,0.8333,0.8333,5,10,2,6,5
False,0.0,6,9,1.5,1.5,6,18,3,6,9
False,1.106256103,7,7,1.0,1.0,4,14,2,7,7
False,0.0,8,8,1.0,1.0,4,16,2,9,9
False,0.0,21,31,1.4762,1.4762,8,62,2,18,25
False,1.515727327,12,18,1.5,1.5,8,36,3,10,12
False,0.503258335,18,31,1.7222,1.7222,10,62,3,18,31
False,1.360964047,20,29,1.45,1.45,11,58,2,11,14
False,2.845100066,18,23,1.2778,1.2778,8,46,2,6,7
False,0.0,3,3,1.0,1.0,4,6,2,3,3
False,0.0,7,9,1.2857,1.2857,4,18,2,11,18
False,0.0,20,30,1.5,1.5,9,60,3,20,31
False,2.535716554,24,42,1.75,1.75,12,84,3,12,20
False,1.992614068,15,21,1.4,1.4,9,42,2,15,21
False,1.295461844,3,2,0.6667,0.6667,2,4,1,5,7
False,1.959013449,33,78,2.3636,2.3636,19,156,4,33,78
False,0.0,8,9,1.125,1.125,6,18,2,8,9
False,0.912218204,19,27,1.4211,1.4211,8,54,2,12,17
False,0.0,17,26,1.5294,1.5294,7,52,3,16,23
False,0.0,6,8,1.3333,1.3333,5,16,2,3,2
False,0.0,8,9,1.125,1.125,4,18,2,8,9
False,4.373741011,21,42,2.0,2.0,16,84,4,23,46
False,1.584962501,15,19,1.2667,1.2667,8,38,2,11,13
False,0.0,8,8,1.0,1.0,4,16,2,8,8
False,0.591672779,8,9,1.125,1.125,4,18,2,18,28
False,1.956856335,39,77,1.9744,1.9744,16,154,4,35,68
False,0.0,8,8,1.0,1.0,4,16,2,8,8
False,1.572623664,7,9,1.2857,1.2857,6,18,2,7,9
False,1.640223929,19,31,1.6316,1.6316,10,62,3,6,6
False,0.0,19,26,1.3684,1.3684,8,52,2,16,18
False,0.0,21,36,1.7143,1.7143,12,72,3,17,27
False,0.0,9,8,0.8889,0.8889,4,16,1,13,17
False,0.0,8,11,1.375,1.375,6,22,2,8,11
False,1.507861222,11,15,1.3636,1.3636,7,30,2,17,22
False,0.0,19,27,1.4211,1.4211,10,54,2,11,13
False,3.196386953,16,24,1.5,1.5,10,48,3,27,47
False,0.650022422,28,49,1.75,1.75,13,98,3,9,11
False,0.0,13,17,1.3077,1.3077,7,34,2,5,6
False,0.976020648,14,19,1.3571,1.3571,8,38,2,6,6
False,0.0,21,30,1.4286,1.4286,9,60,3,7,8
False,0.0,8,8,1.0,1.0,4,16,2,8,8
False,0.0,5,6,1.2,1.2,4,12,2,5,6
False,1.438758681,12,12,1.0,1.0,5,24,2,11,9
False,1.106256103,7,7,1.0,1.0,4,14,2,7,7
False,0.0,20,31,1.55,1.55,9,62,3,8,9
False,1.455925683,21,38,1.8095,1.8095,12,76,3,9,14
False,0.0,18,24,1.3333,1.3333,8,48,2,7,9
False,0.0,12,17,1.4167,1.4167,7,34,2,7,8
False,2.845100066,18,23,1.2778,1.2778,8,46,2,6,7
False,0.721928095,23,41,1.7826,1.7826,14,82,3,10,17
False,3.093951958,16,24,1.5,1.5,11,48,3,16,24
False,2.459147917,21,29,1.381,1.381,7,58,2,25,42
False,1.507861222,11,15,1.3636,1.3636,7,30,2,17,22
False,0.0,7,7,1.0,1.0,4,14,2,7,7
False,0.0,27,47,1.7407,1.7407,16,94,3,3,2
False,0.0,7,7,1.0,1.0,4,14,2,7,7
False,0.918295834,14,19,1.3571,1.3571,9,38,2,9,10
False,1.507861222,11,15,1.3636,1.3636,7,30,2,17,22
False,0.0,22,37,1.6818,1.6818,11,74,3,8,8
False,0.0,17,23,1.3529,1.3529,8,46,2,13,17
False,0.0,21,30,1.4286,1.4286,9,60,3,7,8
False,0.0,12,15,1.25,1.25,6,30,2,3,2
False,2.613830024,37,74,2.0,2.0,17,148,4,33,59
False,1.166825085,18,30,1.6667,1.6667,8,60,3,22,35
False,0.0,29,51,1.7586,1.7586,12,102,3,13,18
False,1.553425561,19,31,1.6316,1.6316,11,62,3,21,34
False,1.626428632,4,4,1.0,1.0,4,8,2,3,3
False,1.493688758,27,56,2.0741,2.0741,13,112,4,27,54
False,0.0,8,11,1.375,1.375,6,22,2,8,11
False,0.0,17,23,1.3529,1.3529,8,46,2,7,8
False,1.584962501,3,2,0.6667,0.6667,2,4,1,4,3
False,0.0,8,8,1.0,1.0,4,16,2,8,8
False,3.429406622,17,24,1.4118,1.4118,11,48,2,17,24
False,0.863120569,9,11,1.2222,1.2222,6,22,2,8,11
False,0.0,20,31,1.55,1.55,9,62,3,8,9
False,0.0,17,23,1.3529,1.3529,8,46,2,7,8
False,0.0,8,9,1.125,1.125,4,18,2,0,0
False,0.0,10,12,1.2,1.2,4,24,2,11,15
False,0.988699408,10,14,1.4,1.4,7,28,2,12,16
False,0.0,13,17,1.3077,1.3077,9,34,2,10,11
False,1.436545552,19,24,1.2632,1.2632,10,48,2,19,25
False,0.291818257,15,20,1.3333,1.3333,5,40,2,15,20
False,1.493688758,27,56,2.0741,2.0741,13,112,4,27,54
False,0.0,12,15,1.25,1.25,7,30,2,19,29
False,0.0,19,25,1.3158,1.3158,8,50,2,8,11
False,0.0,21,31,1.4762,1.4762,8,62,2,18,25
False,1.584962501,15,19,1.2667,1.2667,8,38,2,11,13
False,0.650022422,14,15,1.0714,1.0714,7,30,2,7,7
False,0.151468741,18,26,1.4444,1.4444,8,52,2,8,11
False,0.0,14,19,1.3571,1.3571,8,38,2,8,11
False,0.0,19,29,1.5263,1.5263,9,58,3,19,29
False,2.553976712,7,8,1.1429,1.1429,5,16,2,3,2
False,1.166825085,18,30,1.6667,1.6667,8,60,3,22,35
False,0.976634911,15,19,1.2667,1.2667,7,38,2,4,2
False,0.554778163,26,40,1.5385,1.5385,9,80,3,20,30
False,0.0,6,8,1.3333,1.3333,5,16,2,3,2
False,1.639602808,28,46,1.6429,1.6429,11,92,3,19,26
False,1.279937655,23,35,1.5217,1.5217,9,70,3,12,17
False,1.549397853,25,38,1.52,1.52,9,76,3,20,32
False,0.702466551,3,3,1.0,1.0,4,6,2,3,3
False,0.0,20,30,1.5,1.5,9,60,3,20,31
False,0.811278124,18,28,1.5556,1.5556,11,56,3,17,23
False,1.746791491,20,33,1.65,1.65,14,66,3,33,66
False,0.0,12,15,1.25,1.25,7,30,2,19,29
False,0.0,20,24,1.2,1.2,8,48,2,8,9
False,0.0,11,13,1.1818,1.1818,5,26,2,12,16
False,3.382399143,17,23,1.3529,1.3529,7,46,2,17,23
False,4.20970824,14,21,1.5,1.5,8,42,3,7,10
False,0.0,7,8,1.1429,1.1429,5,16,2,7,8
False,1.418295834,21,29,1.381,1.381,8,58,2,16,23
False,0.0,10,9,0.9,0.9,3,18,1,11,10
False,2.713368522,31,68,2.1935,2.1935,17,136,4,32,70
False,1.507861222,11,15,1.3636,1.3636,7,30,2,17,22
False,1.96559623,6,9,1.5,1.5,6,18,3,3,4
False,0.0,15,20,1.3333,1.3333,9,40,2,9,9
False,0.0,7,7,1.0,1.0,4,14,2,7,7
False,3.169925001,3,2,0.6667,0.6667,2,4,1,4,3
False,0.0,6,8,1.3333,1.3333,5,16,2,4,3
False,0.787126586,19,29,1.5263,1.5263,8,58,3,0,0
False,0.721928095,8,8,1.0,1.0,4,16,2,8,8
False,0.0,22,33,1.5,1.5,9,66,3,8,10
False,0.0,8,8,1.0,1.0,5,16,2,8,8
False,0.591672779,18,28,1.5556,1.5556,8,56,3,7,7
False,0.0,17,23,1.3529,1.3529,8,46,2,13,17
False,0.0,10,12,1.2,1.2,4,24,2,11,15
False,0.0,22,34,1.5455,1.5455,9,68,3,20,30
False,0.0,11,15,1.3636,1.3636,6,30,2,11,14
False,0.702466551,3,3,1.0,1.0,4,6,2,3,3
False,0.0,8,9,1.125,1.125,4,18,2,8,9
False,1.936378768,19,28,1.4737,1.4737,11,56,2,13,23
False,0.0,22,34,1.5455,1.5455,9,68,3,20,30
False,1.904523067,15,22,1.4667,1.4667,7,44,2,15,21
False,3.366091329,20,34,1.7,1.7,10,68,3,20,34
False,2.910992253,10,13,1.3,1.3,7,26,2,9,12
False,0.99107606,12,17,1.4167,1.4167,8,34,2,8,11
False,1.455925683,21,38,1.8095,1.8095,12,76,3,9,14
False,0.0,7,7,1.0,1.0,4,14,2,7,7
False,0.0,18,27,1.5,1.5,10,54,3,16,22
False,1.360599683,17,24,1.4118,1.4118,9,48,2,14,19
False,0.863120569,18,25,1.3889,1.3889,8,50,2,17,21
False,1.904523067,15,22,1.4667,1.4667,7,44,2,15,21
False,1.295461844,3,2,0.6667,0.6667,2,4,1,5,7
False,0.0,11,15,1.3636,1.3636,6,30,2,11,14
False,0.0,6,9,1.5,1.5,6,18,3,6,9
False,0.0,11,15,1.3636,1.3636,6,30,2,11,14
False,2.910992253,10,13,1.3,1.3,7,26,2,9,12
False,0.0,22,34,1.5455,1.5455,9,68,3,11,16
False,1.5,8,14,1.75,1.75,6,28,3,8,13
False,0.0,27,45,1.6667,1.6667,13,90,3,13,15
False,3.17615065,3,3,1.0,1.0,4,6,2,3,3
False,0.0,3,3,1.0,1.0,4,6,2,3,3
False,0.0,6,8,1.3333,1.3333,5,16,2,4,3
False,0.0,7,6,0.8571,0.8571,4,12,1,5,6
False,0.650022422,28,49,1.75,1.75,13,98,3,9,11
False,0.976020648,14,19,1.3571,1.3571,8,38,2,6,6
False,0.672294817,10,13,1.3,1.3,6,26,2,10,13
False,0.0,16,21,1.3125,1.3125,8,42,2,17,22
False,0.0,14,20,1.4286,1.4286,7,40,2,9,10
False,2.613830024,37,74,2.0,2.0,17,148,4,33,59
False,1.90255033,26,41,1.5769,1.5769,12,82,3,3,2
False,2.921928095,4,4,1.0,1.0,5,8,2,4,4
False,0.811278124,13,16,1.2308,1.2308,6,32,2,13,15
False,0.99107606,12,17,1.4167,1.4167,8,34,2,8,11
False,0.0,12,19,1.5833,1.5833,10,38,3,11,15
False,0.0,8,9,1.125,1.125,5,18,2,8,9
False,0.0,17,23,1.3529,1.3529,8,46,2,7,8
False,0.0,8,9,1.125,1.125,6,18,2,8,9
False,2.535716554,24,42,1.75,1.75,12,84,3,12,20
False,0.0,18,24,1.3333,1.3333,8,48,2,7,9
False,0.0,12,17,1.4167,1.4167,7,34,2,12,17
False,1.848320917,23,33,1.4348,1.4348,9,66,2,8,9
False,0.0,8,9,1.125,1.125,6,18,2,8,9
False,0.0,12,15,1.25,1.25,7,30,2,19,29
False,0.650022422,28,49,1.75,1.75,13,98,3,9,11
False,0.0,8,8,1.0,1.0,4,16,2,8,8
False,0.0,7,8,1.1429,1.1429,5,16,2,7,8
False,0.291818257,15,20,1.3333,1.3333,5,40,2,15,20
False,0.932111568,19,29,1.5263,1.5263,9,58,3,10,10
False,0.0,8,8,1.0,1.0,4,16,2,9,9
False,0.0,19,28,1.4737,1.4737,9,56,2,15,20
False,1.936378768,19,28,1.4737,1.4737,11,56,2,13,23
False,2.32942261,20,32,1.6,1.6,10,64,3,16,23
False,0.0,7,6,0.8571,0.8571,4,12,1,5,6
False,0.0,13,17,1.3077,1.3077,7,34,2,5,6
False,0.0,10,9,0.9,0.9,3,18,1,11,10
False,0.0,24,36,1.5,1.5,12,72,3,7,10
False,1.158325957,19,29,1.5263,1.5263,11,58,3,6,6
False,1.936378768,19,28,1.4737,1.4737,11,56,2,13,23
False,0.315997133,23,33,1.4348,1.4348,10,66,2,10,12
False,1.0,3,2,0.6667,0.6667,2,4,1,3,2
False,4.373741011,21,42,2.0,2.0,16,84,4,23,46
False,0.0,6,8,1.3333,1.3333,5,16,2,3,2
False,0.0,19,27,1.4211,1.4211,9,54,2,10,11
False,2.67461436,27,47,1.7407,1.7407,12,94,3,22,37
False,0.0,19,29,1.5263,1.5263,12,58,3,19,29
False,0.0,22,34,1.5455,1.5455,9,68,3,11,16
False,0.970950594,10,13,1.3,1.3,8,26,2,14,21
False,0.0,18,27,1.5,1.5,10,54,3,16,22
False,0.0,7,7,1.0,1.0,4,14,2,7,7
False,0.0,8,9,1.125,1.125,4,18,2,8,9
False,0.0,11,19,1.7273,1.7273,8,38,3,7,9
False,0.0,11,13,1.1818,1.1818,5,26,2,12,16
False,0.0,13,17,1.3077,1.3077,7,34,2,0,0
False,3.111304857,31,71,2.2903,2.2903,17,142,4,31,71
False,0.0,7,9,1.2857,1.2857,4,18,2,11,18
False,0.0,19,29,1.5263,1.5263,9,58,3,19,29
False,0.0,18,24,1.3333,1.3333,8,48,2,7,9
