contains_bug,add_num_nodes,add_num_edges,add_avg_in_degree,add_avg_out_degree,add_max_degree,add_sum_degree,add_avg_degree,add_median_degree,add_num_selfloops,del_num_nodes
True,34.0,61.0,1.7941,1.7941,13.0,122.0,3.0,3.0,1.0,34.0
True,0.0,0.0,0.0,0.0,0.0,0.0,0.0,0.0,0.0,0.0
True,16.0,22.0,1.375,1.375,8.0,44.0,2.0,2.0,1.0,13.0
True,25.0,43.0,1.72,1.72,11.0,86.0,3.0,3.0,1.0,14.0
True,0.0,0.0,0.0,0.0,0.0,0.0,0.0,0.0,0.0,0.0
True,0.0,0.0,0.0,0.0,0.0,0.0,0.0,0.0,0.0,0.0
True,24.0,36.0,1.5,1.5,8.0,72.0,3.0,2.0,1.0,23.0
True,14.0,24.0,1.7143,1.7143,9.0,48.0,3.0,2.0,1.0,0.0
True,18.0,36.0,2.0,2.0,10.0,72.0,4.0,3.0,1.0,20.0
True,19.0,34.0,1.7895,1.7895,10.0,68.0,3.0,3.0,2.0,20.0
True,12.0,19.0,1.5833,1.5833,9.0,38.0,3.0,2.0,1.0,9.0
True,20.0,37.0,1.85,1.85,11.0,74.0,3.0,3.0,1.0,21.0
True,34.0,60.0,1.7647,1.7647,14.0,120.0,3.0,2.0,1.0,36.0
True,13.0,17.0,1.3077,1.3077,5.0,34.0,2.0,2.0,0.0,12.0
True,15.0,21.0,1.4,1.4,7.0,42.0,2.0,2.0,1.0,0.0
True,34.0,59.0,1.7353,1.7353,16.0,118.0,3.0,2.0,1.0,29.0
True,25.0,41.0,1.64,1.64,11.0,82.0,3.0,2.0,1.0,24.0
True,21.0,32.0,1.5238,1.5238,8.0,64.0,3.0,2.0,1.0,14.0
True,16.0,22.0,1.375,1.375,7.0,44.0,2.0,2.0,1.0,0.0
True,9.0,13.0,1.4444,1.4444,6.0,26.0,2.0,2.0,1.0,11.0
True,7.0,7.0,1.0,1.0,4.0,14.0,2.0,1.0,1.0,16.0
True,22.0,34.0,1.5455,1.5455,8.0,68.0,3.0,2.0,1.0,14.0
True,29.0,49.0,1.6897,1.6897,13.0,98.0,3.0,2.0,1.0,14.0
True,12.0,15.0,1.25,1.25,6.0,30.0,2.0,2.0,1.0,6.0
True,20.0,28.0,1.4,1.4,8.0,56.0,2.0,2.0,1.0,19.0
True,9.0,11.0,1.2222,1.2222,6.0,22.0,2.0,2.0,1.0,23.0
True,14.0,24.0,1.7143,1.7143,9.0,48.0,3.0,2.0,1.0,0.0
True,3.0,2.0,0.6667,0.6667,2.0,4.0,1.0,1.0,0.0,3.0
True,17.0,23.0,1.3529,1.3529,7.0,46.0,2.0,2.0,1.0,0.0
True,24.0,34.0,1.4167,1.4167,9.0,68.0,2.0,2.0,1.0,18.0
True,33.0,72.0,2.1818,2.1818,16.0,144.0,4.0,3.0,1.0,29.0
True,13.0,14.0,1.0769,1.0769,5.0,28.0,2.0,2.0,0.0,0.0
True,28.0,50.0,1.7857,1.7857,10.0,100.0,3.0,3.0,1.0,33.0
True,23.0,32.0,1.3913,1.3913,9.0,64.0,2.0,2.0,1.0,8.0
True,19.0,25.0,1.3158,1.3158,7.0,50.0,2.0,2.0,1.0,11.0
True,8.0,10.0,1.25,1.25,5.0,20.0,2.0,2.0,1.0,8.0
True,20.0,28.0,1.4,1.4,8.0,56.0,2.0,2.0,1.0,8.0
True,13.0,17.0,1.3077,1.3077,7.0,34.0,2.0,2.0,1.0,4.0
True,14.0,20.0,1.4286,1.4286,8.0,40.0,2.0,2.0,1.0,3.0
True,10.0,13.0,1.3,1.3,6.0,26.0,2.0,2.0,1.0,0.0
True,11.0,14.0,1.2727,1.2727,5.0,28.0,2.0,2.0,1.0,7.0
True,12.0,17.0,1.4167,1.4167,6.0,34.0,2.0,2.0,1.0,7.0
True,23.0,36.0,1.5652,1.5652,9.0,72.0,3.0,2.0,1.0,15.0
True,23.0,36.0,1.5652,1.5652,8.0,72.0,3.0,3.0,1.0,25.0
True,31.0,59.0,1.9032,1.9032,16.0,118.0,3.0,3.0,1.0,10.0
True,33.0,63.0,1.9091,1.9091,13.0,126.0,3.0,3.0,1.0,25.0
True,27.0,46.0,1.7037,1.7037,10.0,92.0,3.0,3.0,1.0,21.0
True,28.0,46.0,1.6429,1.6429,11.0,92.0,3.0,3.0,1.0,22.0
True,13.0,16.0,1.2308,1.2308,6.0,32.0,2.0,2.0,1.0,19.0
True,44.0,95.0,2.1591,2.1591,23.0,190.0,4.0,3.0,1.0,44.0
True,15.0,20.0,1.3333,1.3333,7.0,40.0,2.0,2.0,1.0,8.0
True,11.0,11.0,1.0,1.0,4.0,22.0,2.0,2.0,0.0,14.0
True,6.0,4.0,0.6667,0.6667,3.0,8.0,1.0,1.0,0.0,6.0
True,22.0,38.0,1.7273,1.7273,11.0,76.0,3.0,3.0,1.0,20.0
True,33.0,63.0,1.9091,1.9091,13.0,126.0,3.0,3.0,1.0,31.0
True,10.0,13.0,1.3,1.3,7.0,26.0,2.0,2.0,1.0,4.0
True,0.0,0.0,0.0,0.0,0.0,0.0,0.0,0.0,0.0,0.0
True,0.0,0.0,0.0,0.0,0.0,0.0,0.0,0.0,0.0,0.0
True,37.0,80.0,2.1622,2.1622,17.0,160.0,4.0,3.0,1.0,20.0
True,18.0,25.0,1.3889,1.3889,8.0,50.0,2.0,2.0,1.0,25.0
True,23.0,32.0,1.3913,1.3913,9.0,64.0,2.0,2.0,1.0,21.0
True,13.0,17.0,1.3077,1.3077,7.0,34.0,2.0,2.0,1.0,15.0
True,27.0,46.0,1.7037,1.7037,10.0,92.0,3.0,3.0,1.0,23.0
True,9.0,10.0,1.1111,1.1111,5.0,20.0,2.0,2.0,1.0,17.0
True,20.0,33.0,1.65,1.65,12.0,66.0,3.0,2.0,1.0,21.0
True,11.0,14.0,1.2727,1.2727,5.0,28.0,2.0,2.0,1.0,11.0
True,18.0,23.0,1.2778,1.2778,8.0,46.0,2.0,2.0,1.0,0.0
True,9.0,11.0,1.2222,1.2222,5.0,22.0,2.0,2.0,1.0,10.0
True,18.0,27.0,1.5,1.5,8.0,54.0,3.0,2.0,1.0,17.0
True,33.0,67.0,2.0303,2.0303,13.0,134.0,4.0,3.0,1.0,26.0
True,23.0,35.0,1.5217,1.5217,9.0,70.0,3.0,2.0,1.0,0.0
True,12.0,17.0,1.4167,1.4167,7.0,34.0,2.0,2.0,1.0,7.0
True,27.0,43.0,1.5926,1.5926,10.0,86.0,3.0,2.0,1.0,20.0
True,6.0,6.0,1.0,1.0,4.0,12.0,2.0,1.0,1.0,0.0
True,5.0,4.0,0.8,0.8,4.0,8.0,1.0,1.0,0.0,5.0
True,19.0,28.0,1.4737,1.4737,8.0,56.0,2.0,2.0,1.0,9.0
True,9.0,12.0,1.3333,1.3333,7.0,24.0,2.0,2.0,1.0,19.0
True,20.0,30.0,1.5,1.5,8.0,60.0,3.0,2.0,1.0,26.0
True,12.0,17.0,1.4167,1.4167,7.0,34.0,2.0,2.0,1.0,12.0
True,0.0,0.0,0.0,0.0,0.0,0.0,0.0,0.0,0.0,0.0
True,30.0,55.0,1.8333,1.8333,13.0,110.0,3.0,3.0,1.0,25.0
True,18.0,27.0,1.5,1.5,8.0,54.0,3.0,2.0,1.0,0.0
True,39.0,87.0,2.2308,2.2308,17.0,174.0,4.0,3.0,1.0,27.0
True,25.0,42.0,1.68,1.68,9.0,84.0,3.0,2.0,1.0,20.0
True,31.0,54.0,1.7419,1.7419,11.0,108.0,3.0,3.0,1.0,24.0
True,34.0,61.0,1.7941,1.7941,15.0,122.0,3.0,3.0,1.0,31.0
True,29.0,47.0,1.6207,1.6207,14.0,94.0,3.0,2.0,1.0,25.0
True,26.0,42.0,1.6154,1.6154,12.0,84.0,3.0,3.0,1.0,25.0
True,23.0,35.0,1.5217,1.5217,9.0,70.0,3.0,2.0,1.0,20.0
True,13.0,20.0,1.5385,1.5385,8.0,40.0,3.0,2.0,1.0,7.0
True,30.0,53.0,1.7667,1.7667,11.0,106.0,3.0,2.0,1.0,15.0
True,11.0,16.0,1.4545,1.4545,9.0,32.0,2.0,2.0,1.0,6.0
True,11.0,14.0,1.2727,1.2727,5.0,28.0,2.0,2.0,1.0,11.0
True,30.0,53.0,1.7667,1.7667,14.0,106.0,3.0,3.0,1.0,18.0
True,13.0,16.0,1.2308,1.2308,6.0,32.0,2.0,2.0,1.0,11.0
True,26.0,41.0,1.5769,1.5769,9.0,82.0,3.0,2.0,1.0,17.0
True,34.0,66.0,1.9412,1.9412,15.0,132.0,4.0,3.0,1.0,15.0
True,27.0,45.0,1.6667,1.6667,9.0,90.0,3.0,3.0,1.0,15.0
True,13.0,18.0,1.3846,1.3846,7.0,36.0,2.0,2.0,1.0,13.0
True,20.0,29.0,1.45,1.45,9.0,58.0,2.0,2.0,1.0,3.0
True,20.0,27.0,1.35,1.35,8.0,54.0,2.0,2.0,1.0,13.0
True,9.0,11.0,1.2222,1.2222,6.0,22.0,2.0,2.0,1.0,0.0
True,28.0,57.0,2.0357,2.0357,16.0,114.0,4.0,3.0,1.0,31.0
True,32.0,69.0,2.1562,2.1562,15.0,138.0,4.0,3.0,1.0,31.0
True,30.0,52.0,1.7333,1.7333,12.0,104.0,3.0,3.0,1.0,29.0
True,11.0,17.0,1.5455,1.5455,9.0,34.0,3.0,2.0,1.0,10.0
True,19.0,28.0,1.4737,1.4737,8.0,56.0,2.0,2.0,1.0,0.0
True,21.0,31.0,1.4762,1.4762,8.0,62.0,2.0,2.0,1.0,10.0
True,15.0,18.0,1.2,1.2,7.0,36.0,2.0,2.0,1.0,10.0
True,25.0,37.0,1.48,1.48,9.0,74.0,2.0,2.0,1.0,20.0
True,8.0,11.0,1.375,1.375,6.0,22.0,2.0,2.0,1.0,8.0
True,28.0,48.0,1.7143,1.7143,14.0,96.0,3.0,2.0,1.0,28.0
True,33.0,61.0,1.8485,1.8485,12.0,122.0,3.0,3.0,1.0,26.0
True,21.0,29.0,1.381,1.381,8.0,58.0,2.0,2.0,0.0,15.0
True,6.0,6.0,1.0,1.0,4.0,12.0,2.0,1.0,1.0,6.0
True,33.0,66.0,2.0,2.0,15.0,132.0,4.0,3.0,1.0,24.0
True,44.0,106.0,2.4091,2.4091,22.0,212.0,4.0,3.0,1.0,46.0
True,31.0,53.0,1.7097,1.7097,13.0,106.0,3.0,2.0,1.0,40.0
True,6.0,6.0,1.0,1.0,5.0,12.0,2.0,1.0,0.0,6.0
True,7.0,9.0,1.2857,1.2857,4.0,18.0,2.0,2.0,1.0,7.0
True,22.0,33.0,1.5,1.5,11.0,66.0,3.0,2.0,1.0,15.0
True,13.0,19.0,1.4615,1.4615,9.0,38.0,2.0,2.0,1.0,12.0
True,25.0,49.0,1.96,1.96,13.0,98.0,3.0,3.0,1.0,18.0
True,20.0,31.0,1.55,1.55,10.0,62.0,3.0,2.0,1.0,19.0
True,18.0,25.0,1.3889,1.3889,8.0,50.0,2.0,2.0,1.0,18.0
True,0.0,0.0,0.0,0.0,0.0,0.0,0.0,0.0,0.0,0.0
True,0.0,0.0,0.0,0.0,0.0,0.0,0.0,0.0,0.0,0.0
True,22.0,33.0,1.5,1.5,9.0,66.0,3.0,2.0,1.0,22.0
True,19.0,27.0,1.4211,1.4211,8.0,54.0,2.0,2.0,1.0,28.0
True,12.0,16.0,1.3333,1.3333,6.0,32.0,2.0,2.0,1.0,0.0
True,13.0,23.0,1.7692,1.7692,10.0,46.0,3.0,3.0,1.0,27.0
True,0.0,0.0,0.0,0.0,0.0,0.0,0.0,0.0,0.0,0.0
True,7.0,6.0,0.8571,0.8571,4.0,12.0,2.0,1.0,1.0,4.0
True,8.0,11.0,1.375,1.375,6.0,22.0,2.0,2.0,1.0,8.0
True,23.0,35.0,1.5217,1.5217,9.0,70.0,3.0,2.0,1.0,9.0
True,11.0,16.0,1.4545,1.4545,7.0,32.0,2.0,2.0,1.0,9.0
True,21.0,33.0,1.5714,1.5714,10.0,66.0,3.0,2.0,1.0,19.0
True,9.0,11.0,1.2222,1.2222,6.0,22.0,2.0,2.0,1.0,16.0
True,44.0,92.0,2.0909,2.0909,18.0,184.0,4.0,3.0,1.0,46.0
True,19.0,31.0,1.6316,1.6316,9.0,62.0,3.0,3.0,1.0,19.0
True,21.0,35.0,1.6667,1.6667,9.0,70.0,3.0,3.0,1.0,0.0
True,0.0,0.0,0.0,0.0,0.0,0.0,0.0,0.0,0.0,0.0
True,29.0,53.0,1.8276,1.8276,11.0,106.0,3.0,3.0,1.0,27.0
True,37.0,68.0,1.8378,1.8378,12.0,136.0,3.0,3.0,1.0,33.0
True,7.0,9.0,1.2857,1.2857,4.0,18.0,2.0,2.0,1.0,7.0
True,21.0,32.0,1.5238,1.5238,9.0,64.0,3.0,2.0,1.0,23.0
True,18.0,27.0,1.5,1.5,9.0,54.0,3.0,2.0,1.0,0.0
True,8.0,8.0,1.0,1.0,4.0,16.0,2.0,2.0,0.0,8.0
True,4.0,3.0,0.75,0.75,3.0,6.0,1.0,1.0,0.0,0.0
True,21.0,29.0,1.381,1.381,8.0,58.0,2.0,2.0,1.0,24.0
True,37.0,82.0,2.2162,2.2162,15.0,164.0,4.0,3.0,1.0,37.0
True,24.0,45.0,1.875,1.875,12.0,90.0,3.0,3.0,1.0,24.0
True,25.0,42.0,1.68,1.68,11.0,84.0,3.0,2.0,1.0,23.0
True,15.0,20.0,1.3333,1.3333,8.0,40.0,2.0,2.0,1.0,9.0
True,14.0,20.0,1.4286,1.4286,7.0,40.0,2.0,2.0,1.0,14.0
True,13.0,15.0,1.1538,1.1538,7.0,30.0,2.0,2.0,0.0,12.0
True,25.0,41.0,1.64,1.64,9.0,82.0,3.0,3.0,1.0,0.0
True,12.0,16.0,1.3333,1.3333,9.0,32.0,2.0,2.0,1.0,8.0
True,10.0,10.0,1.0,1.0,5.0,20.0,2.0,2.0,0.0,13.0
True,29.0,49.0,1.6897,1.6897,10.0,98.0,3.0,3.0,1.0,28.0
True,16.0,22.0,1.375,1.375,7.0,44.0,2.0,2.0,1.0,16.0
True,13.0,16.0,1.2308,1.2308,6.0,32.0,2.0,2.0,1.0,13.0
True,19.0,29.0,1.5263,1.5263,8.0,58.0,3.0,3.0,1.0,7.0
True,23.0,32.0,1.3913,1.3913,9.0,64.0,2.0,2.0,1.0,0.0
True,21.0,39.0,1.8571,1.8571,14.0,78.0,3.0,2.0,2.0,22.0
True,25.0,42.0,1.68,1.68,11.0,84.0,3.0,2.0,1.0,20.0
True,14.0,18.0,1.2857,1.2857,10.0,36.0,2.0,2.0,0.0,15.0
True,27.0,47.0,1.7407,1.7407,11.0,94.0,3.0,3.0,1.0,28.0
True,31.0,60.0,1.9355,1.9355,13.0,120.0,3.0,3.0,1.0,17.0
True,18.0,28.0,1.5556,1.5556,8.0,56.0,3.0,2.0,1.0,19.0
True,6.0,6.0,1.0,1.0,4.0,12.0,2.0,1.0,1.0,0.0
True,8.0,11.0,1.375,1.375,6.0,22.0,2.0,2.0,1.0,0.0
True,33.0,59.0,1.7879,1.7879,15.0,118.0,3.0,2.0,1.0,33.0
True,17.0,28.0,1.6471,1.6471,9.0,56.0,3.0,3.0,1.0,9.0
True,0.0,0.0,0.0,0.0,0.0,0.0,0.0,0.0,0.0,0.0
True,8.0,8.0,1.0,1.0,4.0,16.0,2.0,2.0,0.0,8.0
True,11.0,13.0,1.1818,1.1818,5.0,26.0,2.0,2.0,1.0,11.0
True,29.0,46.0,1.5862,1.5862,10.0,92.0,3.0,2.0,1.0,0.0
True,9.0,11.0,1.2222,1.2222,6.0,22.0,2.0,2.0,1.0,7.0
True,21.0,33.0,1.5714,1.5714,9.0,66.0,3.0,2.0,1.0,21.0
True,21.0,39.0,1.8571,1.8571,12.0,78.0,3.0,3.0,1.0,12.0
True,10.0,11.0,1.1,1.1,5.0,22.0,2.0,2.0,1.0,10.0
True,24.0,39.0,1.625,1.625,11.0,78.0,3.0,2.0,1.0,0.0
True,24.0,37.0,1.5417,1.5417,9.0,74.0,3.0,2.0,1.0,24.0
True,32.0,61.0,1.9062,1.9062,16.0,122.0,3.0,3.0,1.0,32.0
True,29.0,55.0,1.8966,1.8966,13.0,110.0,3.0,3.0,2.0,21.0
True,13.0,17.0,1.3077,1.3077,7.0,34.0,2.0,2.0,1.0,5.0
True,8.0,9.0,1.125,1.125,4.0,18.0,2.0,2.0,1.0,13.0
True,19.0,28.0,1.4737,1.4737,10.0,56.0,2.0,2.0,1.0,12.0
True,33.0,59.0,1.7879,1.7879,17.0,118.0,3.0,3.0,1.0,31.0
True,8.0,9.0,1.125,1.125,4.0,18.0,2.0,2.0,1.0,0.0
True,9.0,13.0,1.4444,1.4444,7.0,26.0,2.0,2.0,1.0,9.0
True,15.0,20.0,1.3333,1.3333,7.0,40.0,2.0,2.0,1.0,13.0
True,12.0,18.0,1.5,1.5,10.0,36.0,3.0,2.0,1.0,7.0
True,22.0,29.0,1.3182,1.3182,10.0,58.0,2.0,2.0,1.0,15.0
True,14.0,21.0,1.5,1.5,7.0,42.0,3.0,3.0,1.0,13.0
True,3.0,3.0,1.0,1.0,4.0,6.0,2.0,1.0,1.0,3.0
True,20.0,31.0,1.55,1.55,8.0,62.0,3.0,2.0,1.0,20.0
True,27.0,48.0,1.7778,1.7778,12.0,96.0,3.0,3.0,1.0,25.0
True,23.0,37.0,1.6087,1.6087,9.0,74.0,3.0,2.0,1.0,26.0
True,19.0,26.0,1.3684,1.3684,9.0,52.0,2.0,2.0,1.0,22.0
True,29.0,56.0,1.931,1.931,11.0,112.0,3.0,3.0,1.0,27.0
True,34.0,65.0,1.9118,1.9118,14.0,130.0,3.0,3.0,1.0,27.0
True,26.0,42.0,1.6154,1.6154,12.0,84.0,3.0,2.0,1.0,19.0
True,8.0,8.0,1.0,1.0,4.0,16.0,2.0,2.0,0.0,8.0
True,33.0,61.0,1.8485,1.8485,13.0,122.0,3.0,3.0,1.0,31.0
True,0.0,0.0,0.0,0.0,0.0,0.0,0.0,0.0,0.0,0.0
True,0.0,0.0,0.0,0.0,0.0,0.0,0.0,0.0,0.0,0.0
True,0.0,0.0,0.0,0.0,0.0,0.0,0.0,0.0,0.0,0.0
True,46.0,100.0,2.1739,2.1739,21.0,200.0,4.0,3.0,1.0,46.0
True,37.0,73.0,1.973,1.973,15.0,146.0,3.0,3.0,1.0,36.0
True,0.0,0.0,0.0,0.0,0.0,0.0,0.0,0.0,0.0,0.0
True,31.0,51.0,1.6452,1.6452,13.0,102.0,3.0,2.0,1.0,23.0
True,31.0,59.0,1.9032,1.9032,11.0,118.0,3.0,3.0,1.0,27.0
True,23.0,36.0,1.5652,1.5652,9.0,72.0,3.0,2.0,1.0,17.0
True,0.0,0.0,0.0,0.0,0.0,0.0,0.0,0.0,0.0,0.0
True,10.0,11.0,1.1,1.1,5.0,22.0,2.0,2.0,1.0,10.0
True,16.0,23.0,1.4375,1.4375,5.0,46.0,2.0,2.0,0.0,16.0
True,25.0,37.0,1.48,1.48,10.0,74.0,3.0,2.0,1.0,23.0
True,18.0,26.0,1.4444,1.4444,8.0,52.0,2.0,2.0,1.0,19.0
True,16.0,25.0,1.5625,1.5625,10.0,50.0,3.0,2.0,1.0,19.0
True,26.0,41.0,1.5769,1.5769,10.0,82.0,3.0,2.0,1.0,25.0
True,22.0,33.0,1.5,1.5,8.0,66.0,3.0,2.0,1.0,22.0
True,18.0,24.0,1.3333,1.3333,8.0,48.0,2.0,2.0,1.0,0.0
True,14.0,18.0,1.2857,1.2857,5.0,36.0,2.0,2.0,1.0,10.0
True,8.0,11.0,1.375,1.375,6.0,22.0,2.0,2.0,1.0,20.0
True,8.0,9.0,1.125,1.125,4.0,18.0,2.0,2.0,1.0,8.0
True,26.0,46.0,1.7692,1.7692,10.0,92.0,3.0,3.0,1.0,20.0
True,22.0,40.0,1.8182,1.8182,12.0,80.0,3.0,3.0,1.0,19.0
True,27.0,54.0,2.0,2.0,10.0,108.0,4.0,3.0,1.0,30.0
True,29.0,50.0,1.7241,1.7241,12.0,100.0,3.0,3.0,1.0,23.0
True,28.0,46.0,1.6429,1.6429,11.0,92.0,3.0,3.0,1.0,34.0
True,8.0,11.0,1.375,1.375,6.0,22.0,2.0,2.0,1.0,8.0
True,29.0,56.0,1.931,1.931,12.0,112.0,3.0,3.0,1.0,8.0
True,20.0,28.0,1.4,1.4,11.0,56.0,2.0,2.0,0.0,0.0
True,5.0,4.0,0.8,0.8,3.0,8.0,1.0,1.0,0.0,5.0
True,27.0,50.0,1.8519,1.8519,11.0,100.0,3.0,3.0,1.0,27.0
True,0.0,0.0,0.0,0.0,0.0,0.0,0.0,0.0,0.0,0.0
True,29.0,48.0,1.6552,1.6552,13.0,96.0,3.0,3.0,1.0,18.0
True,8.0,9.0,1.125,1.125,4.0,18.0,2.0,2.0,1.0,8.0
True,22.0,35.0,1.5909,1.5909,9.0,70.0,3.0,2.0,1.0,22.0
True,25.0,42.0,1.68,1.68,9.0,84.0,3.0,3.0,1.0,25.0
True,13.0,16.0,1.2308,1.2308,6.0,32.0,2.0,2.0,1.0,0.0
True,27.0,55.0,2.037,2.037,13.0,110.0,4.0,3.0,2.0,27.0
True,9.0,10.0,1.1111,1.1111,5.0,20.0,2.0,2.0,1.0,9.0
True,14.0,19.0,1.3571,1.3571,7.0,38.0,2.0,2.0,1.0,8.0
True,7.0,9.0,1.2857,1.2857,5.0,18.0,2.0,2.0,1.0,7.0
True,5.0,4.0,0.8,0.8,3.0,8.0,1.0,1.0,0.0,5.0
True,20.0,32.0,1.6,1.6,10.0,64.0,3.0,3.0,1.0,16.0
True,36.0,86.0,2.3889,2.3889,19.0,172.0,4.0,3.0,2.0,41.0
True,24.0,41.0,1.7083,1.7083,12.0,82.0,3.0,3.0,1.0,21.0
True,5.0,4.0,0.8,0.8,3.0,8.0,1.0,1.0,0.0,5.0
True,6.0,7.0,1.1667,1.1667,4.0,14.0,2.0,2.0,1.0,6.0
True,0.0,0.0,0.0,0.0,0.0,0.0,0.0,0.0,0.0,0.0
True,19.0,28.0,1.4737,1.4737,9.0,56.0,2.0,2.0,1.0,6.0
True,28.0,52.0,1.8571,1.8571,13.0,104.0,3.0,3.0,1.0,28.0
True,29.0,56.0,1.931,1.931,12.0,112.0,3.0,3.0,1.0,27.0
True,23.0,41.0,1.7826,1.7826,11.0,82.0,3.0,3.0,1.0,23.0
True,13.0,17.0,1.3077,1.3077,8.0,34.0,2.0,2.0,1.0,11.0
True,23.0,38.0,1.6522,1.6522,10.0,76.0,3.0,2.0,1.0,15.0
True,21.0,29.0,1.381,1.381,8.0,58.0,2.0,2.0,1.0,18.0
True,9.0,10.0,1.1111,1.1111,5.0,20.0,2.0,2.0,1.0,0.0
True,0.0,0.0,0.0,0.0,0.0,0.0,0.0,0.0,0.0,0.0
True,23.0,32.0,1.3913,1.3913,9.0,64.0,2.0,3.0,0.0,16.0
True,25.0,41.0,1.64,1.64,8.0,82.0,3.0,3.0,1.0,21.0
True,0.0,0.0,0.0,0.0,0.0,0.0,0.0,0.0,0.0,0.0
True,10.0,12.0,1.2,1.2,6.0,24.0,2.0,2.0,1.0,8.0
True,24.0,35.0,1.4583,1.4583,11.0,70.0,3.0,2.0,1.0,25.0
True,26.0,38.0,1.4615,1.4615,11.0,76.0,2.0,2.0,1.0,19.0
True,19.0,27.0,1.4211,1.4211,8.0,54.0,2.0,2.0,1.0,13.0
True,13.0,17.0,1.3077,1.3077,7.0,34.0,2.0,2.0,1.0,14.0
True,32.0,53.0,1.6562,1.6562,11.0,106.0,3.0,3.0,1.0,22.0
True,35.0,70.0,2.0,2.0,14.0,140.0,4.0,3.0,1.0,30.0
True,27.0,50.0,1.8519,1.8519,12.0,100.0,3.0,3.0,1.0,22.0
True,27.0,43.0,1.5926,1.5926,10.0,86.0,3.0,2.0,1.0,25.0
True,17.0,31.0,1.8235,1.8235,10.0,62.0,3.0,3.0,1.0,17.0
True,30.0,59.0,1.9667,1.9667,16.0,118.0,3.0,3.0,1.0,24.0
True,48.0,108.0,2.25,2.25,19.0,216.0,4.0,3.0,1.0,43.0
True,32.0,61.0,1.9062,1.9062,12.0,122.0,3.0,3.0,1.0,11.0
True,34.0,75.0,2.2059,2.2059,15.0,150.0,4.0,3.0,1.0,29.0
True,21.0,34.0,1.619,1.619,10.0,68.0,3.0,3.0,1.0,34.0
True,24.0,38.0,1.5833,1.5833,10.0,76.0,3.0,2.0,1.0,18.0
True,20.0,29.0,1.45,1.45,9.0,58.0,3.0,2.0,1.0,20.0
True,20.0,31.0,1.55,1.55,9.0,62.0,3.0,2.0,1.0,20.0
True,30.0,73.0,2.4333,2.4333,17.0,146.0,4.0,4.0,1.0,27.0
True,22.0,36.0,1.6364,1.6364,9.0,72.0,3.0,3.0,1.0,22.0
True,32.0,58.0,1.8125,1.8125,11.0,116.0,3.0,3.0,1.0,31.0
True,19.0,30.0,1.5789,1.5789,8.0,60.0,3.0,3.0,1.0,19.0
True,21.0,32.0,1.5238,1.5238,10.0,64.0,3.0,2.0,1.0,21.0
True,0.0,0.0,0.0,0.0,0.0,0.0,0.0,0.0,0.0,0.0
True,17.0,22.0,1.2941,1.2941,6.0,44.0,2.0,2.0,0.0,0.0
True,40.0,70.0,1.75,1.75,16.0,140.0,3.0,3.0,1.0,40.0
True,38.0,73.0,1.9211,1.9211,16.0,146.0,3.0,3.0,1.0,38.0
True,0.0,0.0,0.0,0.0,0.0,0.0,0.0,0.0,0.0,0.0
True,0.0,0.0,0.0,0.0,0.0,0.0,0.0,0.0,0.0,0.0
True,47.0,106.0,2.2553,2.2553,23.0,212.0,4.0,3.0,1.0,47.0
True,0.0,0.0,0.0,0.0,0.0,0.0,0.0,0.0,0.0,19.0
True,47.0,106.0,2.2553,2.2553,23.0,212.0,4.0,3.0,1.0,47.0
True,47.0,106.0,2.2553,2.2553,23.0,212.0,4.0,3.0,1.0,47.0
True,13.0,16.0,1.2308,1.2308,7.0,32.0,2.0,2.0,0.0,12.0
True,26.0,47.0,1.8077,1.8077,13.0,94.0,3.0,3.0,1.0,26.0
True,0.0,0.0,0.0,0.0,0.0,0.0,0.0,0.0,0.0,0.0
True,0.0,0.0,0.0,0.0,0.0,0.0,0.0,0.0,0.0,0.0
True,0.0,0.0,0.0,0.0,0.0,0.0,0.0,0.0,0.0,0.0
True,10.0,13.0,1.3,1.3,7.0,26.0,2.0,2.0,1.0,10.0
True,13.0,19.0,1.4615,1.4615,7.0,38.0,2.0,2.0,1.0,12.0
True,34.0,64.0,1.8824,1.8824,11.0,128.0,3.0,3.0,2.0,35.0
True,44.0,104.0,2.3636,2.3636,26.0,208.0,4.0,3.0,2.0,28.0
True,12.0,17.0,1.4167,1.4167,9.0,34.0,2.0,3.0,1.0,12.0
True,28.0,50.0,1.7857,1.7857,13.0,100.0,3.0,3.0,1.0,24.0
True,17.0,24.0,1.4118,1.4118,9.0,48.0,2.0,2.0,1.0,0.0
True,28.0,48.0,1.7143,1.7143,11.0,96.0,3.0,3.0,1.0,20.0
True,33.0,63.0,1.9091,1.9091,13.0,126.0,3.0,3.0,2.0,21.0
True,0.0,0.0,0.0,0.0,0.0,0.0,0.0,0.0,0.0,0.0
True,40.0,83.0,2.075,2.075,18.0,166.0,4.0,3.0,1.0,47.0
True,0.0,0.0,0.0,0.0,0.0,0.0,0.0,0.0,0.0,0.0
True,9.0,13.0,1.4444,1.4444,7.0,26.0,2.0,2.0,1.0,8.0
True,19.0,30.0,1.5789,1.5789,11.0,60.0,3.0,2.0,1.0,5.0
True,36.0,68.0,1.8889,1.8889,15.0,136.0,3.0,3.0,1.0,36.0
True,32.0,60.0,1.875,1.875,14.0,120.0,3.0,3.0,2.0,27.0
True,20.0,29.0,1.45,1.45,8.0,58.0,3.0,2.0,1.0,0.0
True,13.0,17.0,1.3077,1.3077,6.0,34.0,2.0,2.0,1.0,13.0
True,0.0,0.0,0.0,0.0,0.0,0.0,0.0,0.0,0.0,0.0
False,0.0,0.0,0.0,0.0,0.0,0.0,0.0,0.0,0.0,0.0
False,0.0,0.0,0.0,0.0,0.0,0.0,0.0,0.0,0.0,0.0
False,9.0,16.0,1.7778,1.7778,7.0,32.0,3.0,3.0,1.0,9.0
False,4.0,3.0,0.75,0.75,3.0,6.0,1.0,1.0,0.0,4.0
False,28.0,46.0,1.6429,1.6429,11.0,92.0,3.0,2.0,1.0,21.0
False,40.0,78.0,1.95,1.95,15.0,156.0,3.0,3.0,1.0,23.0
False,8.0,9.0,1.125,1.125,5.0,18.0,2.0,2.0,1.0,8.0
False,0.0,0.0,0.0,0.0,0.0,0.0,0.0,0.0,0.0,0.0
False,7.0,10.0,1.4286,1.4286,5.0,20.0,2.0,2.0,1.0,12.0
False,0.0,0.0,0.0,0.0,0.0,0.0,0.0,0.0,0.0,0.0
False,0.0,0.0,0.0,0.0,0.0,0.0,0.0,0.0,0.0,0.0
False,9.0,12.0,1.3333,1.3333,6.0,24.0,2.0,2.0,1.0,0.0
False,20.0,32.0,1.6,1.6,11.0,64.0,3.0,3.0,1.0,11.0
False,0.0,0.0,0.0,0.0,0.0,0.0,0.0,0.0,0.0,0.0
False,12.0,17.0,1.4167,1.4167,9.0,34.0,2.0,2.0,1.0,8.0
False,26.0,38.0,1.4615,1.4615,9.0,76.0,3.0,2.0,1.0,25.0
False,0.0,0.0,0.0,0.0,0.0,0.0,0.0,0.0,0.0,0.0
False,14.0,19.0,1.3571,1.3571,7.0,38.0,2.0,2.0,1.0,3.0
False,0.0,0.0,0.0,0.0,0.0,0.0,0.0,0.0,0.0,0.0
False,0.0,0.0,0.0,0.0,0.0,0.0,0.0,0.0,0.0,0.0
False,7.0,10.0,1.4286,1.4286,5.0,20.0,2.0,2.0,1.0,7.0
False,0.0,0.0,0.0,0.0,0.0,0.0,0.0,0.0,0.0,0.0
False,15.0,20.0,1.3333,1.3333,6.0,40.0,2.0,2.0,0.0,8.0
False,8.0,8.0,1.0,1.0,4.0,16.0,2.0,2.0,0.0,8.0
False,10.0,13.0,1.3,1.3,7.0,26.0,2.0,2.0,1.0,25.0
False,20.0,27.0,1.35,1.35,8.0,54.0,2.0,2.0,1.0,18.0
False,8.0,8.0,1.0,1.0,4.0,16.0,2.0,2.0,0.0,8.0
False,0.0,0.0,0.0,0.0,0.0,0.0,0.0,0.0,0.0,0.0
False,20.0,37.0,1.85,1.85,11.0,74.0,3.0,3.0,1.0,21.0
False,23.0,36.0,1.5652,1.5652,9.0,72.0,3.0,2.0,1.0,11.0
False,23.0,37.0,1.6087,1.6087,11.0,74.0,3.0,3.0,1.0,4.0
False,0.0,0.0,0.0,0.0,0.0,0.0,0.0,0.0,0.0,0.0
False,0.0,0.0,0.0,0.0,0.0,0.0,0.0,0.0,0.0,0.0
False,18.0,26.0,1.4444,1.4444,7.0,52.0,2.0,2.0,1.0,0.0
False,3.0,2.0,0.6667,0.6667,2.0,4.0,1.0,1.0,0.0,7.0
False,0.0,0.0,0.0,0.0,0.0,0.0,0.0,0.0,0.0,0.0
False,0.0,0.0,0.0,0.0,0.0,0.0,0.0,0.0,0.0,0.0
False,0.0,0.0,0.0,0.0,0.0,0.0,0.0,0.0,0.0,0.0
False,0.0,0.0,0.0,0.0,0.0,0.0,0.0,0.0,0.0,0.0
False,0.0,0.0,0.0,0.0,0.0,0.0,0.0,0.0,0.0,0.0
False,0.0,0.0,0.0,0.0,0.0,0.0,0.0,0.0,0.0,0.0
False,23.0,36.0,1.5652,1.5652,9.0,72.0,3.0,2.0,1.0,17.0
False,23.0,35.0,1.5217,1.5217,9.0,70.0,3.0,2.0,1.0,17.0
False,40.0,78.0,1.95,1.95,15.0,156.0,3.0,3.0,1.0,23.0
False,0.0,0.0,0.0,0.0,0.0,0.0,0.0,0.0,0.0,8.0
False,29.0,45.0,1.5517,1.5517,9.0,90.0,3.0,2.0,1.0,19.0
False,13.0,18.0,1.3846,1.3846,7.0,36.0,2.0,2.0,1.0,22.0
False,15.0,23.0,1.5333,1.5333,11.0,46.0,3.0,2.0,1.0,26.0
False,0.0,0.0,0.0,0.0,0.0,0.0,0.0,0.0,0.0,0.0
False,24.0,38.0,1.5833,1.5833,9.0,76.0,3.0,2.0,1.0,13.0
False,10.0,10.0,1.0,1.0,5.0,20.0,2.0,2.0,0.0,10.0
False,13.0,15.0,1.1538,1.1538,6.0,30.0,2.0,2.0,1.0,0.0
False,26.0,42.0,1.6154,1.6154,14.0,84.0,3.0,2.0,1.0,29.0
False,0.0,0.0,0.0,0.0,0.0,0.0,0.0,0.0,0.0,0.0
False,23.0,36.0,1.5652,1.5652,11.0,72.0,3.0,3.0,0.0,5.0
False,0.0,0.0,0.0,0.0,0.0,0.0,0.0,0.0,0.0,0.0
False,0.0,0.0,0.0,0.0,0.0,0.0,0.0,0.0,0.0,0.0
False,8.0,8.0,1.0,1.0,4.0,16.0,2.0,2.0,0.0,8.0
False,0.0,0.0,0.0,0.0,0.0,0.0,0.0,0.0,0.0,0.0
False,0.0,0.0,0.0,0.0,0.0,0.0,0.0,0.0,0.0,7.0
False,0.0,0.0,0.0,0.0,0.0,0.0,0.0,0.0,0.0,0.0
False,13.0,18.0,1.3846,1.3846,8.0,36.0,2.0,2.0,1.0,12.0
False,23.0,35.0,1.5217,1.5217,9.0,70.0,3.0,2.0,1.0,12.0
False,13.0,18.0,1.3846,1.3846,7.0,36.0,2.0,2.0,1.0,22.0
False,0.0,0.0,0.0,0.0,0.0,0.0,0.0,0.0,0.0,0.0
False,8.0,9.0,1.125,1.125,4.0,18.0,2.0,2.0,1.0,0.0
False,17.0,22.0,1.2941,1.2941,7.0,44.0,2.0,2.0,1.0,23.0
False,5.0,8.0,1.6,1.6,4.0,16.0,3.0,3.0,1.0,5.0
False,0.0,0.0,0.0,0.0,0.0,0.0,0.0,0.0,0.0,0.0
False,0.0,0.0,0.0,0.0,0.0,0.0,0.0,0.0,0.0,0.0
False,23.0,34.0,1.4783,1.4783,12.0,68.0,2.0,2.0,1.0,10.0
False,13.0,17.0,1.3077,1.3077,7.0,34.0,2.0,2.0,1.0,7.0
False,16.0,21.0,1.3125,1.3125,7.0,42.0,2.0,2.0,1.0,10.0
False,16.0,22.0,1.375,1.375,8.0,44.0,2.0,2.0,1.0,12.0
False,9.0,16.0,1.7778,1.7778,7.0,32.0,3.0,3.0,1.0,9.0
False,0.0,0.0,0.0,0.0,0.0,0.0,0.0,0.0,0.0,0.0
False,8.0,8.0,1.0,1.0,4.0,16.0,2.0,2.0,0.0,8.0
False,0.0,0.0,0.0,0.0,0.0,0.0,0.0,0.0,0.0,0.0
False,0.0,0.0,0.0,0.0,0.0,0.0,0.0,0.0,0.0,0.0
False,13.0,20.0,1.5385,1.5385,9.0,40.0,3.0,3.0,1.0,13.0
False,0.0,0.0,0.0,0.0,0.0,0.0,0.0,0.0,0.0,0.0
False,0.0,0.0,0.0,0.0,0.0,0.0,0.0,0.0,0.0,0.0
False,9.0,12.0,1.3333,1.3333,6.0,24.0,2.0,2.0,1.0,4.0
False,0.0,0.0,0.0,0.0,0.0,0.0,0.0,0.0,0.0,0.0
False,5.0,6.0,1.2,1.2,4.0,12.0,2.0,2.0,1.0,5.0
False,0.0,0.0,0.0,0.0,0.0,0.0,0.0,0.0,0.0,19.0
False,14.0,18.0,1.2857,1.2857,7.0,36.0,2.0,2.0,1.0,0.0
False,19.0,32.0,1.6842,1.6842,9.0,64.0,3.0,3.0,1.0,18.0
False,29.0,50.0,1.7241,1.7241,12.0,100.0,3.0,2.0,1.0,8.0
False,8.0,11.0,1.375,1.375,6.0,22.0,2.0,2.0,1.0,29.0
False,0.0,0.0,0.0,0.0,0.0,0.0,0.0,0.0,0.0,0.0
False,20.0,28.0,1.4,1.4,9.0,56.0,2.0,2.0,1.0,12.0
False,0.0,0.0,0.0,0.0,0.0,0.0,0.0,0.0,0.0,0.0
False,10.0,10.0,1.0,1.0,5.0,20.0,2.0,2.0,0.0,0.0
False,0.0,0.0,0.0,0.0,0.0,0.0,0.0,0.0,0.0,0.0
False,13.0,17.0,1.3077,1.3077,7.0,34.0,2.0,2.0,1.0,8.0
False,0.0,0.0,0.0,0.0,0.0,0.0,0.0,0.0,0.0,3.0
False,13.0,17.0,1.3077,1.3077,7.0,34.0,2.0,2.0,1.0,28.0
False,8.0,9.0,1.125,1.125,5.0,18.0,2.0,2.0,1.0,0.0
False,0.0,0.0,0.0,0.0,0.0,0.0,0.0,0.0,0.0,0.0
False,0.0,0.0,0.0,0.0,0.0,0.0,0.0,0.0,0.0,0.0
False,0.0,0.0,0.0,0.0,0.0,0.0,0.0,0.0,0.0,0.0
False,0.0,0.0,0.0,0.0,0.0,0.0,0.0,0.0,0.0,0.0
False,0.0,0.0,0.0,0.0,0.0,0.0,0.0,0.0,0.0,0.0
False,31.0,52.0,1.6774,1.6774,13.0,104.0,3.0,2.0,1.0,0.0
False,0.0,0.0,0.0,0.0,0.0,0.0,0.0,0.0,0.0,19.0
False,13.0,19.0,1.4615,1.4615,6.0,38.0,2.0,3.0,1.0,12.0
False,0.0,0.0,0.0,0.0,0.0,0.0,0.0,0.0,0.0,0.0
False,5.0,5.0,1.0,1.0,3.0,10.0,2.0,2.0,0.0,5.0
False,5.0,7.0,1.4,1.4,4.0,14.0,2.0,3.0,1.0,3.0
False,37.0,82.0,2.2162,2.2162,18.0,164.0,4.0,3.0,2.0,43.0
False,3.0,2.0,0.6667,0.6667,2.0,4.0,1.0,1.0,0.0,0.0
False,0.0,0.0,0.0,0.0,0.0,0.0,0.0,0.0,0.0,0.0
False,20.0,33.0,1.65,1.65,10.0,66.0,3.0,3.0,1.0,17.0
False,12.0,16.0,1.3333,1.3333,6.0,32.0,2.0,2.0,1.0,17.0
False,0.0,0.0,0.0,0.0,0.0,0.0,0.0,0.0,0.0,0.0
False,12.0,21.0,1.75,1.75,10.0,42.0,3.0,3.0,1.0,11.0
False,8.0,8.0,1.0,1.0,4.0,16.0,2.0,2.0,0.0,8.0
False,22.0,37.0,1.6818,1.6818,12.0,74.0,3.0,3.0,1.0,21.0
False,0.0,0.0,0.0,0.0,0.0,0.0,0.0,0.0,0.0,0.0
False,0.0,0.0,0.0,0.0,0.0,0.0,0.0,0.0,0.0,0.0
False,3.0,2.0,0.6667,0.6667,2.0,4.0,1.0,1.0,0.0,0.0
False,13.0,17.0,1.3077,1.3077,7.0,34.0,2.0,2.0,1.0,28.0
False,7.0,10.0,1.4286,1.4286,5.0,20.0,2.0,2.0,1.0,16.0
False,0.0,0.0,0.0,0.0,0.0,0.0,0.0,0.0,0.0,0.0
False,19.0,32.0,1.6842,1.6842,9.0,64.0,3.0,3.0,1.0,18.0
False,23.0,36.0,1.5652,1.5652,9.0,72.0,3.0,2.0,1.0,24.0
False,15.0,21.0,1.4,1.4,5.0,42.0,2.0,2.0,0.0,0.0
False,0.0,0.0,0.0,0.0,0.0,0.0,0.0,0.0,0.0,0.0
False,0.0,0.0,0.0,0.0,0.0,0.0,0.0,0.0,0.0,0.0
False,0.0,0.0,0.0,0.0,0.0,0.0,0.0,0.0,0.0,39.0
False,0.0,0.0,0.0,0.0,0.0,0.0,0.0,0.0,0.0,0.0
False,23.0,36.0,1.5652,1.5652,9.0,72.0,3.0,2.0,1.0,17.0
False,0.0,0.0,0.0,0.0,0.0,0.0,0.0,0.0,0.0,0.0
False,31.0,52.0,1.6774,1.6774,13.0,104.0,3.0,2.0,1.0,0.0
False,38.0,76.0,2.0,2.0,14.0,152.0,4.0,3.0,1.0,19.0
False,0.0,0.0,0.0,0.0,0.0,0.0,0.0,0.0,0.0,0.0
False,0.0,0.0,0.0,0.0,0.0,0.0,0.0,0.0,0.0,0.0
False,26.0,42.0,1.6154,1.6154,12.0,84.0,3.0,2.0,1.0,11.0
False,7.0,9.0,1.2857,1.2857,5.0,18.0,2.0,2.0,1.0,19.0
False,9.0,11.0,1.2222,1.2222,6.0,22.0,2.0,2.0,1.0,0.0
False,29.0,48.0,1.6552,1.6552,12.0,96.0,3.0,2.0,1.0,11.0
False,0.0,0.0,0.0,0.0,0.0,0.0,0.0,0.0,0.0,0.0
False,0.0,0.0,0.0,0.0,0.0,0.0,0.0,0.0,0.0,0.0
False,22.0,37.0,1.6818,1.6818,9.0,74.0,3.0,3.0,1.0,22.0
False,20.0,33.0,1.65,1.65,10.0,66.0,3.0,3.0,1.0,17.0
False,11.0,17.0,1.5455,1.5455,8.0,34.0,3.0,3.0,1.0,12.0
False,13.0,19.0,1.4615,1.4615,6.0,38.0,2.0,3.0,1.0,12.0
False,8.0,11.0,1.375,1.375,6.0,22.0,2.0,2.0,1.0,8.0
False,23.0,34.0,1.4783,1.4783,12.0,68.0,2.0,2.0,1.0,10.0
False,0.0,0.0,0.0,0.0,0.0,0.0,0.0,0.0,0.0,0.0
False,0.0,0.0,0.0,0.0,0.0,0.0,0.0,0.0,0.0,0.0
False,19.0,25.0,1.3158,1.3158,9.0,50.0,2.0,2.0,1.0,19.0
False,0.0,0.0,0.0,0.0,0.0,0.0,0.0,0.0,0.0,0.0
False,8.0,12.0,1.5,1.5,6.0,24.0,3.0,2.0,1.0,8.0
False,0.0,0.0,0.0,0.0,0.0,0.0,0.0,0.0,0.0,0.0
False,31.0,52.0,1.6774,1.6774,13.0,104.0,3.0,2.0,1.0,0.0
False,0.0,0.0,0.0,0.0,0.0,0.0,0.0,0.0,0.0,0.0
False,0.0,0.0,0.0,0.0,0.0,0.0,0.0,0.0,0.0,0.0
False,0.0,0.0,0.0,0.0,0.0,0.0,0.0,0.0,0.0,0.0
False,0.0,0.0,0.0,0.0,0.0,0.0,0.0,0.0,0.0,0.0
False,14.0,22.0,1.5714,1.5714,8.0,44.0,3.0,3.0,1.0,14.0
False,0.0,0.0,0.0,0.0,0.0,0.0,0.0,0.0,0.0,4.0
False,0.0,0.0,0.0,0.0,0.0,0.0,0.0,0.0,0.0,0.0
False,23.0,40.0,1.7391,1.7391,11.0,80.0,3.0,3.0,1.0,20.0
False,8.0,10.0,1.25,1.25,6.0,20.0,2.0,2.0,1.0,7.0
False,0.0,0.0,0.0,0.0,0.0,0.0,0.0,0.0,0.0,0.0
False,7.0,10.0,1.4286,1.4286,5.0,20.0,2.0,2.0,1.0,9.0
False,0.0,0.0,0.0,0.0,0.0,0.0,0.0,0.0,0.0,0.0
False,22.0,41.0,1.8636,1.8636,11.0,82.0,3.0,3.0,1.0,22.0
False,12.0,16.0,1.3333,1.3333,6.0,32.0,2.0,2.0,1.0,8.0
False,0.0,0.0,0.0,0.0,0.0,0.0,0.0,0.0,0.0,0.0
False,10.0,15.0,1.5,1.5,9.0,30.0,3.0,2.0,1.0,10.0
False,26.0,38.0,1.4615,1.4615,9.0,76.0,3.0,2.0,1.0,25.0
False,0.0,0.0,0.0,0.0,0.0,0.0,0.0,0.0,0.0,0.0
False,0.0,0.0,0.0,0.0,0.0,0.0,0.0,0.0,0.0,0.0
False,25.0,45.0,1.8,1.8,11.0,90.0,3.0,3.0,1.0,24.0
False,10.0,10.0,1.0,1.0,5.0,20.0,2.0,2.0,0.0,0.0
False,0.0,0.0,0.0,0.0,0.0,0.0,0.0,0.0,0.0,8.0
False,16.0,18.0,1.125,1.125,7.0,36.0,2.0,2.0,0.0,11.0
False,14.0,20.0,1.4286,1.4286,10.0,40.0,2.0,2.0,1.0,14.0
False,0.0,0.0,0.0,0.0,0.0,0.0,0.0,0.0,0.0,0.0
False,0.0,0.0,0.0,0.0,0.0,0.0,0.0,0.0,0.0,39.0
False,15.0,21.0,1.4,1.4,8.0,42.0,2.0,2.0,1.0,15.0
False,5.0,4.0,0.8,0.8,4.0,8.0,1.0,1.0,0.0,0.0
False,15.0,20.0,1.3333,1.3333,6.0,40.0,2.0,2.0,0.0,8.0
False,14.0,19.0,1.3571,1.3571,8.0,38.0,2.0,2.0,1.0,8.0
False,16.0,18.0,1.125,1.125,7.0,36.0,2.0,2.0,0.0,11.0
False,12.0,21.0,1.75,1.75,10.0,42.0,3.0,3.0,1.0,11.0
False,7.0,8.0,1.1429,1.1429,5.0,16.0,2.0,2.0,0.0,13.0
False,13.0,18.0,1.3846,1.3846,8.0,36.0,2.0,2.0,1.0,12.0
False,16.0,18.0,1.125,1.125,7.0,36.0,2.0,2.0,0.0,11.0
False,0.0,0.0,0.0,0.0,0.0,0.0,0.0,0.0,0.0,0.0
False,6.0,4.0,0.6667,0.6667,3.0,8.0,1.0,1.0,0.0,4.0
False,13.0,16.0,1.2308,1.2308,6.0,32.0,2.0,2.0,1.0,13.0
False,17.0,22.0,1.2941,1.2941,7.0,44.0,2.0,2.0,1.0,23.0
False,0.0,0.0,0.0,0.0,0.0,0.0,0.0,0.0,0.0,0.0
False,0.0,0.0,0.0,0.0,0.0,0.0,0.0,0.0,0.0,0.0
False,0.0,0.0,0.0,0.0,0.0,0.0,0.0,0.0,0.0,0.0
False,0.0,0.0,0.0,0.0,0.0,0.0,0.0,0.0,0.0,0.0
False,7.0,10.0,1.4286,1.4286,5.0,20.0,2.0,2.0,1.0,0.0
False,0.0,0.0,0.0,0.0,0.0,0.0,0.0,0.0,0.0,0.0
False,0.0,0.0,0.0,0.0,0.0,0.0,0.0,0.0,0.0,0.0
False,0.0,0.0,0.0,0.0,0.0,0.0,0.0,0.0,0.0,6.0
False,6.0,6.0,1.0,1.0,5.0,12.0,2.0,1.0,0.0,6.0
False,0.0,0.0,0.0,0.0,0.0,0.0,0.0,0.0,0.0,0.0
False,4.0,3.0,0.75,0.75,3.0,6.0,1.0,1.0,0.0,8.0
False,0.0,0.0,0.0,0.0,0.0,0.0,0.0,0.0,0.0,0.0
False,28.0,47.0,1.6786,1.6786,14.0,94.0,3.0,2.0,1.0,13.0
False,0.0,0.0,0.0,0.0,0.0,0.0,0.0,0.0,0.0,0.0
False,0.0,0.0,0.0,0.0,0.0,0.0,0.0,0.0,0.0,0.0
False,0.0,0.0,0.0,0.0,0.0,0.0,0.0,0.0,0.0,13.0
False,8.0,11.0,1.375,1.375,6.0,22.0,3.0,2.0,2.0,6.0
False,11.0,12.0,1.0909,1.0909,5.0,24.0,2.0,2.0,0.0,0.0
False,18.0,26.0,1.4444,1.4444,7.0,52.0,2.0,2.0,1.0,0.0
False,0.0,0.0,0.0,0.0,0.0,0.0,0.0,0.0,0.0,0.0
False,19.0,29.0,1.5263,1.5263,12.0,58.0,3.0,2.0,1.0,13.0
False,5.0,5.0,1.0,1.0,3.0,10.0,2.0,2.0,0.0,5.0
False,16.0,21.0,1.3125,1.3125,6.0,42.0,2.0,2.0,1.0,7.0
False,13.0,18.0,1.3846,1.3846,7.0,36.0,2.0,2.0,1.0,0.0
False,0.0,0.0,0.0,0.0,0.0,0.0,0.0,0.0,0.0,11.0
False,0.0,0.0,0.0,0.0,0.0,0.0,0.0,0.0,0.0,0.0
False,0.0,0.0,0.0,0.0,0.0,0.0,0.0,0.0,0.0,0.0
False,5.0,5.0,1.0,1.0,3.0,10.0,2.0,2.0,0.0,0.0
False,0.0,0.0,0.0,0.0,0.0,0.0,0.0,0.0,0.0,0.0
False,13.0,15.0,1.1538,1.1538,6.0,30.0,2.0,2.0,1.0,0.0
False,18.0,26.0,1.4444,1.4444,7.0,52.0,2.0,2.0,1.0,0.0
False,0.0,0.0,0.0,0.0,0.0,0.0,0.0,0.0,0.0,0.0
False,0.0,0.0,0.0,0.0,0.0,0.0,0.0,0.0,0.0,0.0
False,0.0,0.0,0.0,0.0,0.0,0.0,0.0,0.0,0.0,0.0
False,19.0,25.0,1.3158,1.3158,9.0,50.0,2.0,2.0,1.0,19.0
False,0.0,0.0,0.0,0.0,0.0,0.0,0.0,0.0,0.0,0.0
False,13.0,20.0,1.5385,1.5385,9.0,40.0,3.0,3.0,1.0,13.0
False,7.0,9.0,1.2857,1.2857,5.0,18.0,2.0,2.0,1.0,0.0
False,0.0,0.0,0.0,0.0,0.0,0.0,0.0,0.0,0.0,0.0
False,0.0,0.0,0.0,0.0,0.0,0.0,0.0,0.0,0.0,0.0
False,0.0,0.0,0.0,0.0,0.0,0.0,0.0,0.0,0.0,0.0
False,0.0,0.0,0.0,0.0,0.0,0.0,0.0,0.0,0.0,0.0
False,7.0,8.0,1.1429,1.1429,3.0,16.0,2.0,2.0,0.0,0.0
False,19.0,24.0,1.2632,1.2632,8.0,48.0,2.0,2.0,1.0,17.0
False,0.0,0.0,0.0,0.0,0.0,0.0,0.0,0.0,0.0,0.0
False,13.0,15.0,1.1538,1.1538,6.0,30.0,2.0,2.0,1.0,0.0
False,3.0,2.0,0.6667,0.6667,2.0,4.0,1.0,1.0,0.0,3.0
False,21.0,34.0,1.619,1.619,8.0,68.0,3.0,3.0,1.0,21.0
False,0.0,0.0,0.0,0.0,0.0,0.0,0.0,0.0,0.0,0.0
False,0.0,0.0,0.0,0.0,0.0,0.0,0.0,0.0,0.0,0.0
False,19.0,31.0,1.6316,1.6316,9.0,62.0,3.0,3.0,1.0,9.0
False,0.0,0.0,0.0,0.0,0.0,0.0,0.0,0.0,0.0,0.0
False,0.0,0.0,0.0,0.0,0.0,0.0,0.0,0.0,0.0,0.0
False,24.0,34.0,1.4167,1.4167,9.0,68.0,2.0,2.0,1.0,16.0
False,9.0,11.0,1.2222,1.2222,6.0,22.0,2.0,2.0,1.0,0.0
False,25.0,43.0,1.72,1.72,11.0,86.0,3.0,3.0,1.0,14.0
False,0.0,0.0,0.0,0.0,0.0,0.0,0.0,0.0,0.0,8.0
False,12.0,16.0,1.3333,1.3333,6.0,32.0,2.0,2.0,1.0,17.0
False,20.0,26.0,1.3,1.3,8.0,52.0,2.0,2.0,1.0,13.0
False,3.0,2.0,0.6667,0.6667,2.0,4.0,1.0,1.0,0.0,3.0
False,0.0,0.0,0.0,0.0,0.0,0.0,0.0,0.0,0.0,0.0
False,0.0,0.0,0.0,0.0,0.0,0.0,0.0,0.0,0.0,0.0
False,0.0,0.0,0.0,0.0,0.0,0.0,0.0,0.0,0.0,0.0
False,0.0,0.0,0.0,0.0,0.0,0.0,0.0,0.0,0.0,0.0
False,19.0,27.0,1.4211,1.4211,8.0,54.0,2.0,2.0,1.0,23.0
False,0.0,0.0,0.0,0.0,0.0,0.0,0.0,0.0,0.0,0.0
False,0.0,0.0,0.0,0.0,0.0,0.0,0.0,0.0,0.0,0.0
False,0.0,0.0,0.0,0.0,0.0,0.0,0.0,0.0,0.0,0.0
False,7.0,8.0,1.1429,1.1429,5.0,16.0,2.0,2.0,0.0,13.0
False,13.0,16.0,1.2308,1.2308,6.0,32.0,2.0,2.0,1.0,5.0
False,12.0,14.0,1.1667,1.1667,5.0,28.0,2.0,2.0,1.0,0.0
False,0.0,0.0,0.0,0.0,0.0,0.0,0.0,0.0,0.0,0.0
False,19.0,31.0,1.6316,1.6316,9.0,62.0,3.0,3.0,1.0,9.0
False,15.0,21.0,1.4,1.4,8.0,42.0,2.0,2.0,1.0,14.0
False,23.0,33.0,1.4348,1.4348,9.0,66.0,3.0,2.0,1.0,8.0
False,5.0,4.0,0.8,0.8,4.0,8.0,1.0,1.0,0.0,0.0
False,0.0,0.0,0.0,0.0,0.0,0.0,0.0,0.0,0.0,0.0
False,12.0,16.0,1.3333,1.3333,6.0,32.0,2.0,2.0,1.0,17.0
False,8.0,11.0,1.375,1.375,6.0,22.0,2.0,2.0,1.0,12.0
False,13.0,20.0,1.5385,1.5385,9.0,40.0,3.0,3.0,1.0,13.0
False,13.0,17.0,1.3077,1.3077,7.0,34.0,2.0,2.0,1.0,13.0
False,20.0,27.0,1.35,1.35,8.0,54.0,2.0,2.0,1.0,18.0
False,13.0,16.0,1.2308,1.2308,6.0,32.0,2.0,2.0,1.0,0.0
False,13.0,17.0,1.3077,1.3077,7.0,34.0,2.0,2.0,1.0,28.0
False,10.0,13.0,1.3,1.3,7.0,26.0,2.0,2.0,1.0,25.0
False,9.0,11.0,1.2222,1.2222,4.0,22.0,2.0,2.0,0.0,9.0
False,8.0,9.0,1.125,1.125,5.0,18.0,2.0,2.0,1.0,0.0
False,0.0,0.0,0.0,0.0,0.0,0.0,0.0,0.0,0.0,0.0
False,18.0,27.0,1.5,1.5,8.0,54.0,3.0,2.0,1.0,13.0
False,0.0,0.0,0.0,0.0,0.0,0.0,0.0,0.0,0.0,0.0
False,19.0,25.0,1.3158,1.3158,9.0,50.0,2.0,2.0,1.0,19.0
False,5.0,7.0,1.4,1.4,4.0,14.0,2.0,3.0,1.0,3.0
False,8.0,8.0,1.0,1.0,4.0,16.0,2.0,2.0,0.0,8.0
False,13.0,19.0,1.4615,1.4615,8.0,38.0,2.0,2.0,1.0,0.0
False,28.0,45.0,1.6071,1.6071,17.0,90.0,3.0,2.0,0.0,23.0
False,20.0,37.0,1.85,1.85,11.0,74.0,3.0,3.0,1.0,21.0
False,0.0,0.0,0.0,0.0,0.0,0.0,0.0,0.0,0.0,0.0
False,15.0,23.0,1.5333,1.5333,8.0,46.0,3.0,3.0,1.0,14.0
False,16.0,24.0,1.5,1.5,8.0,48.0,3.0,3.0,1.0,14.0
False,0.0,0.0,0.0,0.0,0.0,0.0,0.0,0.0,0.0,0.0
False,0.0,0.0,0.0,0.0,0.0,0.0,0.0,0.0,0.0,0.0
False,21.0,35.0,1.6667,1.6667,10.0,70.0,3.0,2.0,1.0,18.0
False,14.0,22.0,1.5714,1.5714,8.0,44.0,3.0,3.0,1.0,14.0
False,18.0,29.0,1.6111,1.6111,9.0,58.0,3.0,2.0,1.0,18.0
False,0.0,0.0,0.0,0.0,0.0,0.0,0.0,0.0,0.0,0.0
False,10.0,13.0,1.3,1.3,7.0,26.0,2.0,2.0,1.0,25.0
False,19.0,29.0,1.5263,1.5263,12.0,58.0,3.0,2.0,1.0,13.0
False,7.0,8.0,1.1429,1.1429,4.0,16.0,2.0,2.0,1.0,0.0
False,8.0,9.0,1.125,1.125,4.0,18.0,2.0,2.0,1.0,8.0
False,0.0,0.0,0.0,0.0,0.0,0.0,0.0,0.0,0.0,0.0
False,20.0,26.0,1.3,1.3,8.0,52.0,2.0,2.0,1.0,13.0
False,0.0,0.0,0.0,0.0,0.0,0.0,0.0,0.0,0.0,0.0
False,0.0,0.0,0.0,0.0,0.0,0.0,0.0,0.0,0.0,0.0
False,8.0,8.0,1.0,1.0,4.0,16.0,2.0,2.0,0.0,8.0
False,14.0,22.0,1.5714,1.5714,10.0,44.0,3.0,2.0,1.0,18.0
False,13.0,17.0,1.3077,1.3077,7.0,34.0,2.0,2.0,1.0,8.0
False,12.0,14.0,1.1667,1.1667,5.0,28.0,2.0,2.0,1.0,6.0
False,18.0,26.0,1.4444,1.4444,8.0,52.0,2.0,2.0,1.0,0.0
False,13.0,16.0,1.2308,1.2308,6.0,32.0,2.0,2.0,1.0,13.0
False,17.0,23.0,1.3529,1.3529,8.0,46.0,2.0,2.0,1.0,24.0
False,0.0,0.0,0.0,0.0,0.0,0.0,0.0,0.0,0.0,0.0
False,16.0,22.0,1.375,1.375,8.0,44.0,2.0,2.0,1.0,0.0
False,0.0,0.0,0.0,0.0,0.0,0.0,0.0,0.0,0.0,0.0
False,4.0,2.0,0.5,0.5,2.0,4.0,1.0,1.0,0.0,4.0
False,12.0,16.0,1.3333,1.3333,6.0,32.0,2.0,2.0,1.0,17.0
False,24.0,34.0,1.4167,1.4167,9.0,68.0,2.0,2.0,1.0,16.0
False,0.0,0.0,0.0,0.0,0.0,0.0,0.0,0.0,0.0,13.0
