add_num_nodes,add_num_edges,add_avg_in_degree,add_avg_out_degree,add_max_degree,add_sum_degree,add_avg_degree,del_num_nodes,del_num_edges,del_max_degree,contains_bug
7,6,0.8571,0.8571,4,12,1,7,7,6,TRUE
5,4,0.8,0.8,3,8,1,0,0,0,TRUE
28,53,1.8929,1.8929,15,106,3,21,34,12,TRUE
38,81,2.1316,2.1316,17,162,4,28,49,14,TRUE
35,80,2.2857,2.2857,23,160,4,22,42,13,TRUE
13,16,1.2308,1.2308,8,32,2,28,57,14,TRUE
0,0,0,0,0,0,0,0,0,0,TRUE
22,36,1.6364,1.6364,12,72,3,26,42,13,TRUE
23,34,1.4783,1.4783,11,68,3,0,0,0,TRUE
29,51,1.7586,1.7586,16,102,3,13,18,7,TRUE
33,71,2.1515,2.1515,14,142,4,26,52,13,TRUE
31,60,1.9355,1.9355,16,120,3,29,58,14,TRUE
26,43,1.6538,1.6538,10,86,3,9,12,7,TRUE
23,32,1.3913,1.3913,10,64,2,20,27,10,TRUE
30,58,1.9333,1.9333,13,116,3,31,58,13,TRUE
24,34,1.4167,1.4167,11,68,2,25,34,10,TRUE
43,94,2.186,2.186,19,188,4,41,91,16,TRUE
15,23,1.5333,1.5333,8,46,3,15,21,7,TRUE
35,63,1.8,1.8,13,126,3,31,54,13,TRUE
35,73,2.0857,2.0857,14,146,4,53,120,31,TRUE
36,64,1.7778,1.7778,15,128,3,0,0,0,TRUE
21,35,1.6667,1.6667,11,70,3,20,33,11,TRUE
0,0,0,0,0,0,0,0,0,0,TRUE
23,32,1.3913,1.3913,11,64,2,34,63,14,TRUE
21,31,1.4762,1.4762,8,62,2,16,21,8,TRUE
0,0,0,0,0,0,0,0,0,0,TRUE
0,0,0,0,0,0,0,0,0,0,TRUE
0,0,0,0,0,0,0,0,0,0,TRUE
8,10,1.25,1.25,6,20,2,8,10,6,TRUE
12,17,1.4167,1.4167,7,34,2,18,24,8,TRUE
8,12,1.5,1.5,7,24,3,3,3,4,TRUE
35,74,2.1143,2.1143,14,148,4,17,25,10,TRUE
25,43,1.72,1.72,11,86,3,26,46,11,TRUE
30,50,1.6667,1.6667,11,100,3,29,50,11,TRUE
28,52,1.8571,1.8571,11,104,3,35,69,12,TRUE
28,46,1.6429,1.6429,12,92,3,22,35,11,TRUE
25,46,1.84,1.84,18,92,3,24,46,17,TRUE
34,64,1.8824,1.8824,12,128,3,17,25,8,TRUE
34,82,2.4118,2.4118,17,164,4,40,102,21,TRUE
30,49,1.6333,1.6333,11,98,3,24,38,9,TRUE
46,120,2.6087,2.6087,24,240,5,49,139,38,TRUE
19,29,1.5263,1.5263,9,58,3,21,33,8,TRUE
41,95,2.3171,2.3171,24,190,4,31,68,18,TRUE
19,30,1.5789,1.5789,10,60,3,19,27,10,TRUE
28,47,1.6786,1.6786,11,94,3,21,34,9,TRUE
8,8,1,1,4,16,2,8,8,4,TRUE
40,105,2.625,2.625,25,210,5,37,89,22,TRUE
51,129,2.5294,2.5294,25,258,5,53,144,36,TRUE
26,48,1.8462,1.8462,11,96,3,26,47,12,TRUE
27,42,1.5556,1.5556,12,84,3,8,11,6,TRUE
19,23,1.2105,1.2105,8,46,2,0,0,0,TRUE
27,55,2.037,2.037,17,110,4,19,31,16,TRUE
18,28,1.5556,1.5556,10,56,3,16,28,9,TRUE
31,63,2.0323,2.0323,17,126,4,27,47,12,TRUE
19,23,1.2105,1.2105,8,46,2,0,0,0,TRUE
25,45,1.8,1.8,13,90,3,25,45,13,TRUE
39,76,1.9487,1.9487,16,152,3,33,63,17,TRUE
36,59,1.6389,1.6389,12,118,3,25,34,10,TRUE
18,28,1.5556,1.5556,8,56,3,18,28,8,TRUE
5,8,1.6,1.6,6,16,3,5,8,6,TRUE
22,36,1.6364,1.6364,9,72,3,20,31,9,TRUE
26,46,1.7692,1.7692,13,92,3,43,88,18,TRUE
0,0,0,0,0,0,0,0,0,0,TRUE
19,28,1.4737,1.4737,8,56,2,14,20,7,TRUE
22,35,1.5909,1.5909,11,70,3,36,73,16,TRUE
34,73,2.1471,2.1471,15,146,4,38,83,15,TRUE
12,12,1,1,4,24,2,8,7,4,TRUE
0,0,0,0,0,0,0,0,0,0,TRUE
11,10,0.9091,0.9091,4,20,2,0,0,0,TRUE
15,23,1.5333,1.5333,10,46,3,17,23,8,TRUE
29,63,2.1724,2.1724,18,126,4,31,67,16,TRUE
28,45,1.6071,1.6071,10,90,3,0,0,0,TRUE
20,28,1.4,1.4,8,56,2,8,9,4,TRUE
32,54,1.6875,1.6875,11,108,3,0,0,0,TRUE
29,54,1.8621,1.8621,14,108,3,22,39,11,TRUE
36,69,1.9167,1.9167,15,138,4,21,35,9,TRUE
31,63,2.0323,2.0323,16,126,4,29,53,14,TRUE
26,45,1.7308,1.7308,15,90,3,22,38,12,TRUE
22,33,1.5,1.5,10,66,3,15,21,9,TRUE
14,19,1.3571,1.3571,7,38,2,18,28,8,TRUE
19,22,1.1579,1.1579,8,44,2,4,2,2,TRUE
22,36,1.6364,1.6364,11,72,3,22,36,11,TRUE
37,81,2.1892,2.1892,17,162,4,36,78,17,TRUE
22,36,1.6364,1.6364,13,72,3,25,45,13,TRUE
21,31,1.4762,1.4762,12,62,3,17,27,11,TRUE
32,62,1.9375,1.9375,14,124,3,22,41,11,TRUE
24,43,1.7917,1.7917,14,86,3,40,87,19,TRUE
30,51,1.7,1.7,10,102,3,26,45,11,TRUE
27,54,2,2,12,108,4,26,51,12,TRUE
5,3,0.6,0.6,3,6,1,4,2,2,TRUE
24,36,1.5,1.5,9,72,3,15,24,10,TRUE
38,88,2.3158,2.3158,20,176,4,41,93,20,TRUE
26,47,1.8077,1.8077,13,94,3,24,42,11,TRUE
31,57,1.8387,1.8387,12,114,3,21,37,12,TRUE
20,35,1.75,1.75,12,70,3,28,54,13,TRUE
34,63,1.8529,1.8529,13,126,3,23,37,10,TRUE
30,71,2.3667,2.3667,15,142,4,33,73,14,TRUE
19,27,1.4211,1.4211,8,54,3,0,0,0,TRUE
37,80,2.1622,2.1622,16,160,4,40,88,20,TRUE
20,31,1.55,1.55,10,62,3,22,37,13,TRUE
25,44,1.76,1.76,12,88,3,17,23,8,TRUE
7,9,1.2857,1.2857,5,18,2,0,0,0,TRUE
17,28,1.6471,1.6471,9,56,3,19,31,10,TRUE
18,31,1.7222,1.7222,10,62,3,18,31,10,TRUE
42,89,2.119,2.119,19,178,4,42,89,19,TRUE
33,68,2.0606,2.0606,13,136,4,32,73,17,TRUE
7,9,1.2857,1.2857,5,18,2,0,0,0,TRUE
27,43,1.5926,1.5926,10,86,3,14,18,7,TRUE
11,12,1.0909,1.0909,5,24,2,13,15,3,TRUE
21,32,1.5238,1.5238,10,64,3,10,14,8,TRUE
31,62,2,2,16,124,4,24,46,11,TRUE
46,126,2.7391,2.7391,34,252,5,43,116,31,TRUE
21,33,1.5714,1.5714,8,66,3,28,43,8,TRUE
30,77,2.5667,2.5667,21,154,5,25,57,15,TRUE
14,22,1.5714,1.5714,9,44,3,14,22,9,TRUE
9,14,1.5556,1.5556,8,28,3,9,14,8,TRUE
33,69,2.0909,2.0909,15,138,4,35,64,13,TRUE
10,15,1.5,1.5,4,30,3,10,15,4,TRUE
31,75,2.4194,2.4194,22,150,4,36,88,21,TRUE
27,45,1.6667,1.6667,8,90,3,3,4,4,TRUE
44,128,2.9091,2.9091,31,256,5,46,135,32,TRUE
34,68,2,2,19,136,4,43,95,19,TRUE
30,50,1.6667,1.6667,13,100,3,6,3,3,TRUE
26,44,1.6923,1.6923,9,88,3,22,38,13,TRUE
32,58,1.8125,1.8125,13,116,3,18,25,10,TRUE
28,46,1.6429,1.6429,14,92,3,15,22,11,TRUE
20,29,1.45,1.45,9,58,2,18,26,9,TRUE
10,15,1.5,1.5,7,30,3,10,15,7,TRUE
32,56,1.75,1.75,10,112,3,6,5,3,TRUE
22,35,1.5909,1.5909,8,70,3,21,33,8,TRUE
24,38,1.5833,1.5833,11,76,3,22,31,9,TRUE
22,38,1.7273,1.7273,13,76,3,40,87,20,TRUE
0,0,0,0,0,0,0,0,0,0,TRUE
35,77,2.2,2.2,17,154,4,38,85,17,TRUE
20,27,1.35,1.35,10,54,2,18,26,13,TRUE
31,58,1.871,1.871,16,116,3,34,66,14,TRUE
25,49,1.96,1.96,11,98,3,26,45,11,TRUE
29,48,1.6552,1.6552,12,96,3,18,29,13,TRUE
18,27,1.5,1.5,12,54,3,11,20,10,TRUE
13,18,1.3846,1.3846,10,36,3,8,10,5,TRUE
27,43,1.5926,1.5926,18,86,3,27,47,18,TRUE
25,40,1.6,1.6,11,80,3,20,28,9,TRUE
25,39,1.56,1.56,12,78,3,25,43,10,TRUE
24,37,1.5417,1.5417,8,74,3,22,32,11,TRUE
12,18,1.5,1.5,9,36,3,5,7,5,TRUE
40,91,2.275,2.275,19,182,4,37,77,14,TRUE
29,58,2,2,13,116,4,19,35,10,TRUE
49,149,3.0408,3.0408,32,298,6,51,144,33,TRUE
21,37,1.7619,1.7619,14,74,3,15,28,12,TRUE
37,80,2.1622,2.1622,17,160,4,35,69,16,TRUE
35,68,1.9429,1.9429,15,136,3,37,72,17,TRUE
29,55,1.8966,1.8966,16,110,3,26,46,12,TRUE
19,27,1.4211,1.4211,8,54,3,0,0,0,TRUE
34,67,1.9706,1.9706,14,134,3,10,14,8,TRUE
41,90,2.1951,2.1951,15,180,4,39,95,18,TRUE
15,25,1.6667,1.6667,8,50,3,14,22,7,TRUE
46,105,2.2826,2.2826,22,210,4,40,87,18,TRUE
30,44,1.4667,1.4667,12,88,3,24,37,12,TRUE
14,18,1.2857,1.2857,7,36,2,8,11,6,TRUE
20,26,1.3,1.3,8,52,2,9,10,6,TRUE
27,38,1.4074,1.4074,8,76,2,33,53,11,TRUE
8,9,1.125,1.125,4,18,2,8,9,4,TRUE
37,88,2.3784,2.3784,19,176,4,37,89,19,TRUE
17,23,1.3529,1.3529,8,46,2,7,10,5,TRUE
24,35,1.4583,1.4583,10,70,2,25,39,8,TRUE
42,96,2.2857,2.2857,18,192,4,30,62,17,TRUE
21,26,1.2381,1.2381,9,52,2,0,0,0,TRUE
12,16,1.3333,1.3333,6,32,2,7,7,4,TRUE
7,10,1.4286,1.4286,5,20,2,25,43,12,TRUE
26,38,1.4615,1.4615,9,76,3,7,10,5,TRUE
23,35,1.5217,1.5217,9,70,3,0,0,0,TRUE
25,34,1.36,1.36,9,68,2,10,12,5,TRUE
45,97,2.1556,2.1556,20,194,4,35,71,15,TRUE
27,58,2.1481,2.1481,15,116,4,26,51,14,TRUE
27,43,1.5926,1.5926,10,86,3,22,33,9,TRUE
9,12,1.3333,1.3333,6,24,2,11,13,6,TRUE
25,38,1.52,1.52,9,76,3,22,32,7,TRUE
26,39,1.5,1.5,9,78,3,22,33,8,TRUE
28,47,1.6786,1.6786,13,94,3,29,46,13,TRUE
33,54,1.6364,1.6364,15,108,3,27,44,12,TRUE
30,49,1.6333,1.6333,11,98,3,8,10,5,TRUE
25,37,1.48,1.48,9,74,3,0,0,0,TRUE
7,9,1.2857,1.2857,5,18,2,0,0,0,TRUE
28,44,1.5714,1.5714,9,88,3,26,44,9,TRUE
24,35,1.4583,1.4583,9,70,3,0,0,0,TRUE
28,46,1.6429,1.6429,9,92,3,7,7,4,TRUE
7,9,1.2857,1.2857,5,18,2,0,0,0,TRUE
14,17,1.2143,1.2143,8,34,2,0,0,0,TRUE
24,48,2,2,11,96,4,33,76,15,TRUE
37,81,2.1892,2.1892,15,162,4,40,90,20,TRUE
39,78,2,2,19,156,4,38,90,23,TRUE
12,17,1.4167,1.4167,7,34,2,8,9,4,TRUE
11,19,1.7273,1.7273,9,38,3,12,18,8,TRUE
21,29,1.381,1.381,9,58,2,8,11,6,TRUE
36,74,2.0556,2.0556,19,148,4,32,60,15,TRUE
7,9,1.2857,1.2857,5,18,2,0,0,0,TRUE
7,9,1.2857,1.2857,5,18,2,0,0,0,TRUE
28,44,1.5714,1.5714,9,88,3,0,0,0,TRUE
7,9,1.2857,1.2857,5,18,2,0,0,0,TRUE
30,62,2.0667,2.0667,19,124,4,39,93,28,TRUE
15,19,1.2667,1.2667,8,38,2,29,52,15,TRUE
12,17,1.4167,1.4167,7,34,2,0,0,0,TRUE
5,4,0.8,0.8,3,8,1,0,0,0,TRUE
23,36,1.5652,1.5652,9,72,3,0,0,0,TRUE
15,22,1.4667,1.4667,7,44,2,15,22,7,TRUE
38,75,1.9737,1.9737,14,150,3,20,31,8,TRUE
7,9,1.2857,1.2857,5,18,2,0,0,0,TRUE
30,50,1.6667,1.6667,11,100,3,0,0,0,TRUE
23,36,1.5652,1.5652,9,72,3,19,29,9,TRUE
20,30,1.5,1.5,11,60,3,40,82,16,TRUE
27,49,1.8148,1.8148,10,98,3,26,46,10,TRUE
32,52,1.625,1.625,11,104,3,11,13,5,TRUE
34,69,2.0294,2.0294,13,138,4,21,37,10,TRUE
32,54,1.6875,1.6875,11,108,3,25,39,10,TRUE
29,64,2.2069,2.2069,14,128,4,24,37,15,TRUE
39,101,2.5897,2.5897,21,202,5,33,75,21,TRUE
23,36,1.5652,1.5652,9,72,3,19,27,9,TRUE
7,9,1.2857,1.2857,5,18,2,0,0,0,TRUE
31,56,1.8065,1.8065,11,112,3,25,50,14,TRUE
14,25,1.7857,1.7857,9,50,3,26,38,10,TRUE
0,0,0,0,0,0,0,0,0,0,TRUE
24,51,2.125,2.125,11,102,4,20,33,10,TRUE
31,58,1.871,1.871,15,116,3,25,40,13,TRUE
34,65,1.9118,1.9118,14,130,3,17,25,10,TRUE
37,80,2.1622,2.1622,18,160,4,26,45,12,TRUE
37,80,2.1622,2.1622,19,160,4,37,79,19,TRUE
32,54,1.6875,1.6875,11,108,3,0,0,0,TRUE
32,65,2.0312,2.0312,16,130,4,32,68,14,TRUE
7,9,1.2857,1.2857,5,18,2,0,0,0,TRUE
22,30,1.3636,1.3636,10,60,2,21,28,9,TRUE
38,97,2.5526,2.5526,18,194,5,37,86,18,TRUE
6,6,1,1,4,12,2,6,6,4,TRUE
28,53,1.8929,1.8929,16,106,3,5,6,5,TRUE
0,0,0,0,0,0,0,0,0,0,TRUE
40,88,2.2,2.2,21,176,4,40,92,22,TRUE
40,79,1.975,1.975,14,158,3,33,56,11,TRUE
8,10,1.25,1.25,5,20,2,8,10,5,TRUE
20,28,1.4,1.4,11,56,2,23,37,10,TRUE
32,70,2.1875,2.1875,15,140,4,33,73,15,TRUE
19,29,1.5263,1.5263,9,58,3,0,0,0,TRUE
20,32,1.6,1.6,11,64,3,3,2,2,TRUE
37,87,2.3514,2.3514,17,174,4,36,89,22,TRUE
33,61,1.8485,1.8485,16,122,3,25,47,11,TRUE
37,88,2.3784,2.3784,17,176,4,43,99,17,TRUE
18,28,1.5556,1.5556,9,56,3,32,57,13,TRUE
25,51,2.04,2.04,12,102,4,27,58,11,TRUE
30,55,1.8333,1.8333,15,110,3,21,40,11,TRUE
40,79,1.975,1.975,14,158,3,40,82,17,TRUE
22,33,1.5,1.5,8,66,3,16,23,8,TRUE
37,85,2.2973,2.2973,17,170,4,31,63,16,TRUE
29,48,1.6552,1.6552,10,96,3,8,11,6,TRUE
0,0,0,0,0,0,0,0,0,0,TRUE
32,77,2.4062,2.4062,17,154,4,41,94,21,TRUE
20,33,1.65,1.65,10,66,3,38,77,17,TRUE
18,30,1.6667,1.6667,13,60,3,21,38,12,TRUE
31,66,2.129,2.129,15,132,4,33,70,18,TRUE
17,27,1.5882,1.5882,10,54,3,24,45,13,TRUE
18,27,1.5,1.5,12,54,3,13,19,8,TRUE
20,27,1.35,1.35,10,54,2,13,18,8,TRUE
33,55,1.6667,1.6667,16,110,3,31,53,16,TRUE
21,35,1.6667,1.6667,14,70,3,10,14,8,TRUE
42,106,2.5238,2.5238,22,212,5,39,93,20,TRUE
38,81,2.1316,2.1316,16,162,4,42,91,18,TRUE
31,59,1.9032,1.9032,11,118,3,37,81,15,TRUE
36,66,1.8333,1.8333,14,132,3,23,38,11,TRUE
35,64,1.8286,1.8286,17,128,3,35,62,15,TRUE
36,74,2.0556,2.0556,15,148,4,26,46,12,TRUE
22,31,1.4091,1.4091,11,62,2,14,19,8,TRUE
41,97,2.3659,2.3659,19,194,4,39,92,20,TRUE
24,37,1.5417,1.5417,9,74,3,6,7,4,TRUE
30,53,1.7667,1.7667,13,106,3,19,28,9,TRUE
15,19,1.2667,1.2667,8,38,2,0,0,0,TRUE
19,27,1.4211,1.4211,8,54,3,18,27,8,TRUE
29,52,1.7931,1.7931,12,104,3,10,19,9,TRUE
14,19,1.3571,1.3571,7,38,2,12,16,6,TRUE
13,20,1.5385,1.5385,7,40,3,20,33,9,TRUE
28,53,1.8929,1.8929,13,106,3,20,38,12,TRUE
46,123,2.6739,2.6739,31,246,5,46,121,31,TRUE
23,47,2.0435,2.0435,13,94,4,17,31,10,FALSE
0,0,0,0,0,0,0,0,0,0,FALSE
0,0,0,0,0,0,0,0,0,0,FALSE
13,17,1.3077,1.3077,7,34,2,9,11,5,FALSE
7,9,1.2857,1.2857,5,18,2,7,9,5,FALSE
11,14,1.2727,1.2727,6,28,2,11,13,5,FALSE
0,0,0,0,0,0,0,0,0,0,FALSE
0,0,0,0,0,0,0,0,0,0,FALSE
7,9,1.2857,1.2857,5,18,2,0,0,0,FALSE
13,17,1.3077,1.3077,7,34,2,12,16,6,FALSE
24,29,1.2083,1.2083,8,58,2,16,18,5,FALSE
28,47,1.6786,1.6786,11,94,3,9,8,4,FALSE
36,79,2.1944,2.1944,16,158,4,19,33,11,FALSE
0,0,0,0,0,0,0,0,0,0,FALSE
22,42,1.9091,1.9091,10,84,3,14,18,5,FALSE
13,16,1.2308,1.2308,6,32,2,0,0,0,FALSE
3,3,1,1,4,6,2,3,3,4,FALSE
26,46,1.7692,1.7692,14,92,3,27,43,10,FALSE
0,0,0,0,0,0,0,0,0,0,FALSE
7,9,1.2857,1.2857,5,18,2,7,9,5,FALSE
0,0,0,0,0,0,0,0,0,0,FALSE
21,37,1.7619,1.7619,10,74,3,19,34,9,FALSE
12,22,1.8333,1.8333,7,44,3,16,26,9,FALSE
18,24,1.3333,1.3333,9,48,2,0,0,0,FALSE
23,37,1.6087,1.6087,9,74,3,11,16,7,FALSE
7,10,1.4286,1.4286,5,20,2,7,10,5,FALSE
23,39,1.6957,1.6957,13,78,3,24,41,12,FALSE
0,0,0,0,0,0,0,0,0,0,FALSE
0,0,0,0,0,0,0,51,108,23,FALSE
12,14,1.1667,1.1667,5,28,2,0,0,0,FALSE
17,24,1.4118,1.4118,8,48,2,17,22,8,FALSE
10,11,1.1,1.1,4,22,2,10,11,4,FALSE
0,0,0,0,0,0,0,0,0,0,FALSE
8,8,1,1,4,16,2,8,8,4,FALSE
16,25,1.5625,1.5625,11,50,3,19,28,9,FALSE
17,21,1.2353,1.2353,7,42,2,16,23,10,FALSE
0,0,0,0,0,0,0,0,0,0,FALSE
22,42,1.9091,1.9091,10,84,3,14,18,5,FALSE
0,0,0,0,0,0,0,0,0,0,FALSE
11,14,1.2727,1.2727,6,28,2,11,13,5,FALSE
0,0,0,0,0,0,0,33,59,14,FALSE
0,0,0,0,0,0,0,0,0,0,FALSE
17,23,1.3529,1.3529,8,46,2,18,26,9,FALSE
0,0,0,0,0,0,0,0,0,0,FALSE
22,34,1.5455,1.5455,11,68,3,19,29,11,FALSE
0,0,0,0,0,0,0,0,0,0,FALSE
0,0,0,0,0,0,0,0,0,0,FALSE
36,70,1.9444,1.9444,14,140,3,39,81,17,FALSE
0,0,0,0,0,0,0,0,0,0,FALSE
29,51,1.7586,1.7586,12,102,3,23,35,12,FALSE
0,0,0,0,0,0,0,0,0,0,FALSE
0,0,0,0,0,0,0,0,0,0,FALSE
17,25,1.4706,1.4706,8,50,2,17,25,8,FALSE
0,0,0,0,0,0,0,0,0,0,FALSE
9,12,1.3333,1.3333,6,24,2,9,12,6,FALSE
33,67,2.0303,2.0303,14,134,4,31,54,12,FALSE
4,3,0.75,0.75,3,6,1,4,3,3,FALSE
0,0,0,0,0,0,0,3,3,4,FALSE
0,0,0,0,0,0,0,0,0,0,FALSE
17,23,1.3529,1.3529,8,46,2,18,26,9,FALSE
30,54,1.8,1.8,14,108,3,8,12,7,FALSE
17,23,1.3529,1.3529,8,46,2,3,3,4,FALSE
0,0,0,0,0,0,0,0,0,0,FALSE
21,32,1.5238,1.5238,9,64,3,21,33,9,FALSE
14,18,1.2857,1.2857,8,36,2,0,0,0,FALSE
24,39,1.625,1.625,11,78,3,24,39,11,FALSE
33,68,2.0606,2.0606,14,136,4,37,88,20,FALSE
0,0,0,0,0,0,0,0,0,0,FALSE
0,0,0,0,0,0,0,0,0,0,FALSE
0,0,0,0,0,0,0,0,0,0,FALSE
0,0,0,0,0,0,0,0,0,0,FALSE
29,49,1.6897,1.6897,8,98,3,25,42,8,FALSE
0,0,0,0,0,0,0,0,0,0,FALSE
8,9,1.125,1.125,5,18,2,9,11,6,FALSE
29,49,1.6897,1.6897,11,98,3,16,23,10,FALSE
21,30,1.4286,1.4286,9,60,2,20,27,8,FALSE
0,0,0,0,0,0,0,0,0,0,FALSE
24,39,1.625,1.625,11,78,3,23,39,11,FALSE
18,24,1.3333,1.3333,8,48,2,0,0,0,FALSE
9,13,1.4444,1.4444,7,26,2,11,16,7,FALSE
0,0,0,0,0,0,0,0,0,0,FALSE
9,13,1.4444,1.4444,8,26,2,9,13,8,FALSE
13,19,1.4615,1.4615,8,38,2,9,13,7,FALSE
13,18,1.3846,1.3846,8,36,2,8,9,6,FALSE
7,9,1.2857,1.2857,5,18,2,3,3,4,FALSE
17,24,1.4118,1.4118,6,48,2,16,24,8,FALSE
3,3,1,1,4,6,2,3,3,4,FALSE
12,14,1.1667,1.1667,6,28,2,0,0,0,FALSE
0,0,0,0,0,0,0,0,0,0,FALSE
0,0,0,0,0,0,0,0,0,0,FALSE
5,4,0.8,0.8,4,8,1,9,13,7,FALSE
0,0,0,0,0,0,0,0,0,0,FALSE
0,0,0,0,0,0,0,0,0,0,FALSE
9,12,1.3333,1.3333,7,24,2,9,12,7,FALSE
0,0,0,0,0,0,0,0,0,0,FALSE
0,0,0,0,0,0,0,0,0,0,FALSE
0,0,0,0,0,0,0,0,0,0,FALSE
0,0,0,0,0,0,0,0,0,0,FALSE
15,21,1.4,1.4,6,42,2,12,16,6,FALSE
9,13,1.4444,1.4444,8,26,2,9,13,8,FALSE
0,0,0,0,0,0,0,0,0,0,FALSE
7,10,1.4286,1.4286,5,20,2,7,9,5,FALSE
21,33,1.5714,1.5714,11,66,3,22,36,13,FALSE
0,0,0,0,0,0,0,0,0,0,FALSE
0,0,0,0,0,0,0,0,0,0,FALSE
5,6,1.2,1.2,5,12,2,4,3,3,FALSE
19,24,1.2632,1.2632,8,48,2,0,0,0,FALSE
0,0,0,0,0,0,0,0,0,0,FALSE
0,0,0,0,0,0,0,0,0,0,FALSE
0,0,0,0,0,0,0,0,0,0,FALSE
0,0,0,0,0,0,0,0,0,0,FALSE
0,0,0,0,0,0,0,0,0,0,FALSE
0,0,0,0,0,0,0,0,0,0,FALSE
5,6,1.2,1.2,5,12,2,4,3,3,FALSE
0,0,0,0,0,0,0,0,0,0,FALSE
0,0,0,0,0,0,0,0,0,0,FALSE
9,11,1.2222,1.2222,6,22,2,8,10,5,FALSE
13,18,1.3846,1.3846,8,36,2,8,9,6,FALSE
0,0,0,0,0,0,0,0,0,0,FALSE
13,17,1.3077,1.3077,7,34,2,13,17,7,FALSE
0,0,0,0,0,0,0,0,0,0,FALSE
3,4,1.3333,1.3333,4,8,2,3,4,4,FALSE
0,0,0,0,0,0,0,0,0,0,FALSE
0,0,0,0,0,0,0,0,0,0,FALSE
0,0,0,0,0,0,0,0,0,0,FALSE
19,24,1.2632,1.2632,8,48,2,0,0,0,FALSE
15,21,1.4,1.4,6,42,2,12,16,6,FALSE
0,0,0,0,0,0,0,0,0,0,FALSE
22,31,1.4091,1.4091,9,62,2,0,0,0,FALSE
23,31,1.3478,1.3478,9,62,2,18,30,11,FALSE
17,25,1.4706,1.4706,8,50,2,7,10,5,FALSE
0,0,0,0,0,0,0,0,0,0,FALSE
13,18,1.3846,1.3846,6,36,2,7,9,5,FALSE
8,11,1.375,1.375,6,22,2,8,10,5,FALSE
0,0,0,0,0,0,0,0,0,0,FALSE
20,32,1.6,1.6,9,64,3,0,0,0,FALSE
0,0,0,0,0,0,0,0,0,0,FALSE
0,0,0,0,0,0,0,0,0,0,FALSE
33,68,2.0606,2.0606,14,136,4,37,88,20,FALSE
29,51,1.7586,1.7586,12,102,3,23,35,12,FALSE
13,17,1.3077,1.3077,7,34,2,12,16,6,FALSE
30,54,1.8,1.8,11,108,3,27,44,10,FALSE
15,21,1.4,1.4,7,42,2,0,0,0,FALSE
37,74,2,2,19,148,4,30,52,13,FALSE
15,21,1.4,1.4,6,42,2,12,16,6,FALSE
0,0,0,0,0,0,0,0,0,0,FALSE
20,29,1.45,1.45,10,58,2,0,0,0,FALSE
15,18,1.2,1.2,9,36,2,3,3,4,FALSE
6,8,1.3333,1.3333,5,16,2,18,29,7,FALSE
27,45,1.6667,1.6667,10,90,3,28,47,10,FALSE
0,0,0,0,0,0,0,0,0,0,FALSE
0,0,0,0,0,0,0,0,0,0,FALSE
29,49,1.6897,1.6897,8,98,3,25,42,8,FALSE
19,26,1.3684,1.3684,9,52,2,19,27,9,FALSE
18,29,1.6111,1.6111,8,58,3,16,24,8,FALSE
20,29,1.45,1.45,10,58,2,0,0,0,FALSE
26,48,1.8462,1.8462,13,96,3,27,49,13,FALSE
0,0,0,0,0,0,0,0,0,0,FALSE
0,0,0,0,0,0,0,0,0,0,FALSE
29,48,1.6552,1.6552,11,96,3,7,9,5,FALSE
13,17,1.3077,1.3077,8,34,2,13,17,7,FALSE
0,0,0,0,0,0,0,0,0,0,FALSE
7,8,1.1429,1.1429,5,16,2,9,12,6,FALSE
0,0,0,0,0,0,0,0,0,0,FALSE
0,0,0,0,0,0,0,0,0,0,FALSE
7,10,1.4286,1.4286,5,20,2,7,10,5,FALSE
7,9,1.2857,1.2857,5,18,2,7,9,5,FALSE
9,11,1.2222,1.2222,4,22,2,9,11,4,FALSE
13,17,1.3077,1.3077,8,34,2,13,17,7,FALSE
0,0,0,0,0,0,0,3,3,4,FALSE
13,17,1.3077,1.3077,8,34,2,13,17,7,FALSE
30,54,1.8,1.8,14,108,3,8,12,7,FALSE
28,55,1.9643,1.9643,12,110,3,6,5,5,FALSE
0,0,0,0,0,0,0,0,0,0,FALSE
20,29,1.45,1.45,10,58,2,0,0,0,FALSE
15,18,1.2,1.2,9,36,2,3,3,4,FALSE
27,48,1.7778,1.7778,13,96,3,27,41,13,FALSE
12,14,1.1667,1.1667,6,28,2,0,0,0,FALSE
0,0,0,0,0,0,0,0,0,0,FALSE
0,0,0,0,0,0,0,0,0,0,FALSE
0,0,0,0,0,0,0,23,39,12,FALSE
0,0,0,0,0,0,0,0,0,0,FALSE
37,72,1.9459,1.9459,17,144,3,35,70,14,FALSE
7,8,1.1429,1.1429,5,16,2,8,12,6,FALSE
9,11,1.2222,1.2222,6,22,2,8,11,6,FALSE
14,20,1.4286,1.4286,10,40,2,13,19,10,FALSE
11,13,1.1818,1.1818,5,26,2,11,13,5,FALSE
10,15,1.5,1.5,7,30,3,10,15,7,FALSE
12,17,1.4167,1.4167,7,34,2,0,0,0,FALSE
17,24,1.4118,1.4118,8,48,2,17,22,8,FALSE
20,30,1.5,1.5,10,60,3,0,0,0,FALSE
21,33,1.5714,1.5714,11,66,3,22,36,13,FALSE
17,23,1.3529,1.3529,7,46,2,7,10,5,FALSE
0,0,0,0,0,0,0,0,0,0,FALSE
13,16,1.2308,1.2308,7,32,2,13,16,7,FALSE
0,0,0,0,0,0,0,0,0,0,FALSE
20,30,1.5,1.5,9,60,3,0,0,0,FALSE
27,48,1.7778,1.7778,13,96,3,27,41,13,FALSE
36,70,1.9444,1.9444,14,140,3,39,81,17,FALSE
17,24,1.4118,1.4118,8,48,2,17,22,8,FALSE
9,11,1.2222,1.2222,6,22,2,9,11,6,FALSE
22,35,1.5909,1.5909,9,70,3,22,35,9,FALSE
0,0,0,0,0,0,0,0,0,0,FALSE
9,13,1.4444,1.4444,7,26,2,9,13,7,FALSE
21,30,1.4286,1.4286,9,60,2,20,27,8,FALSE
37,74,2,2,19,148,4,30,52,13,FALSE
21,28,1.3333,1.3333,10,56,2,11,15,7,FALSE
0,0,0,0,0,0,0,0,0,0,FALSE
0,0,0,0,0,0,0,0,0,0,FALSE
21,30,1.4286,1.4286,10,60,2,9,13,7,FALSE
20,30,1.5,1.5,10,60,3,0,0,0,FALSE
36,70,1.9444,1.9444,14,140,3,39,81,17,FALSE
0,0,0,0,0,0,0,0,0,0,FALSE
30,54,1.8,1.8,14,108,3,8,12,7,FALSE
18,27,1.5,1.5,9,54,3,16,25,9,FALSE
29,50,1.7241,1.7241,14,100,3,25,40,14,FALSE
0,0,0,0,0,0,0,35,69,16,FALSE
0,0,0,0,0,0,0,0,0,0,FALSE
0,0,0,0,0,0,0,0,0,0,FALSE
4,3,0.75,0.75,3,6,1,4,3,3,FALSE
29,48,1.6552,1.6552,11,96,3,7,9,5,FALSE
0,0,0,0,0,0,0,0,0,0,FALSE
19,25,1.3158,1.3158,7,50,2,0,0,0,FALSE
22,42,1.9091,1.9091,10,84,3,14,18,5,FALSE
28,49,1.75,1.75,13,98,3,14,25,10,FALSE
7,9,1.2857,1.2857,5,18,2,7,9,5,FALSE
0,0,0,0,0,0,0,0,0,0,FALSE
18,29,1.6111,1.6111,10,58,3,16,23,7,FALSE
0,0,0,0,0,0,0,0,0,0,FALSE
13,17,1.3077,1.3077,7,34,2,8,11,6,FALSE
45,95,2.1111,2.1111,18,190,4,38,74,15,FALSE
8,7,0.875,0.875,4,14,2,0,0,0,FALSE
29,50,1.7241,1.7241,14,100,3,25,40,14,FALSE
12,17,1.4167,1.4167,7,34,2,13,16,7,FALSE
12,17,1.4167,1.4167,7,34,2,12,17,7,FALSE
7,10,1.4286,1.4286,5,20,2,7,10,5,FALSE
37,74,2,2,19,148,4,30,52,13,FALSE
0,0,0,0,0,0,0,0,0,0,FALSE
0,0,0,0,0,0,0,0,0,0,FALSE
21,30,1.4286,1.4286,9,60,2,20,27,8,FALSE
0,0,0,0,0,0,0,3,3,4,FALSE
12,22,1.8333,1.8333,7,44,3,16,26,9,FALSE
0,0,0,0,0,0,0,0,0,0,FALSE
0,0,0,0,0,0,0,0,0,0,FALSE
21,37,1.7619,1.7619,10,74,3,19,34,9,FALSE
12,14,1.1667,1.1667,6,28,2,0,0,0,FALSE
9,12,1.3333,1.3333,7,24,2,9,12,7,FALSE
7,10,1.4286,1.4286,5,20,2,7,9,5,FALSE
3,3,1,1,4,6,2,3,3,4,FALSE
14,20,1.4286,1.4286,10,40,2,13,19,10,FALSE
0,0,0,0,0,0,0,0,0,0,FALSE
18,24,1.3333,1.3333,9,48,2,0,0,0,FALSE
7,8,1.1429,1.1429,5,16,2,4,5,4,FALSE
0,0,0,0,0,0,0,0,0,0,FALSE
7,10,1.4286,1.4286,5,20,2,7,10,5,FALSE
17,27,1.5882,1.5882,8,54,3,16,25,7,FALSE
0,0,0,0,0,0,0,0,0,0,FALSE
23,34,1.4783,1.4783,8,68,3,11,14,6,FALSE
8,8,1,1,4,16,2,8,8,4,FALSE
0,0,0,0,0,0,0,0,0,0,FALSE
27,45,1.6667,1.6667,10,90,3,28,47,10,FALSE
29,48,1.6552,1.6552,14,96,3,12,18,8,FALSE
39,90,2.3077,2.3077,18,180,4,33,65,16,FALSE
21,37,1.7619,1.7619,10,74,3,19,34,9,FALSE
27,47,1.7407,1.7407,11,94,3,28,49,10,FALSE
24,39,1.625,1.625,12,78,3,9,11,6,FALSE
0,0,0,0,0,0,0,35,69,16,FALSE
0,0,0,0,0,0,0,0,0,0,FALSE
0,0,0,0,0,0,0,0,0,0,FALSE
0,0,0,0,0,0,0,0,0,0,FALSE
0,0,0,0,0,0,0,0,0,0,FALSE
0,0,0,0,0,0,0,0,0,0,FALSE
7,10,1.4286,1.4286,5,20,2,8,11,6,FALSE
0,0,0,0,0,0,0,0,0,0,FALSE
28,55,1.9643,1.9643,12,110,3,6,5,5,FALSE
0,0,0,0,0,0,0,0,0,0,FALSE
14,18,1.2857,1.2857,8,36,2,0,0,0,FALSE
0,0,0,0,0,0,0,0,0,0,FALSE
