0,1,2,3,4,5,6
3,3,82,4,1,6,0
6,8,65,26,1,88,1
18,31,356,240,1,106,1
1,1,3,2,1,1,0
1,1,3,2,1,1,0
22,41,430,245,1,63,1
1,2,3,3,1,8,0
1,1,1,1,1,19,0
1,1,15,1,1,6,1
18,50,1427,1377,1,198,1
11,19,240,28,1,52,0
16,29,392,139,1,207,1
1,1,3,2,1,1,0
4,8,76,67,1,74,1
2,2,4,4,1,38,0
1,1,1,1,1,3,0
1,1,2,10,1,5,0
14,33,1242,540,1,163,1
2,2,4,4,1,107,0
6,10,139,49,1,21,0
8,11,313,209,1,179,1
2,2,8,1,1,7,1
1,2,0,0,1,0,0
10,10,0,0,1,15,0
21,93,3705,3860,1,248,1
1,1,20,8,1,4,0
1,1,2,9,1,5,0
17,62,214,166,1,122,0
1,2,128,128,1,1,0
1,1,20,8,1,4,0
2,2,4,4,1,12,0
2,2,4,4,1,51,0
1,1,9,4,1,12,0
8,10,66,12,1,19,0
2,2,24,0,1,66,0
2,5,29,23,1,32,1
8,18,198,172,1,101,1
6,8,46,26,1,133,1
12,20,211,160,1,266,1
8,18,198,172,1,101,1
6,9,78,55,1,26,1
16,29,392,139,1,207,1
3,4,8,7,1,47,1
23,38,96,108,1,245,1
22,41,430,245,1,63,1
3,5,170,138,1,49,1
3,5,170,138,1,49,1
9,16,137,59,1,127,1
1,1,3,0,1,13,0
19,36,457,471,1,182,0
6,8,65,26,1,88,1
6,9,50,34,1,29,1
3,9,13,90,1,55,0
8,13,251,20,1,69,1
6,18,329,202,1,50,1
1,1,1,1,1,3,0
2,4,23,21,1,67,1
1,2,3,3,1,8,0
13,17,129,48,1,236,1
4,6,85,33,1,51,1
17,32,860,0,1,0,0
19,36,457,471,1,182,0
18,31,356,240,1,106,1
9,10,47,17,1,66,1
5,5,30,34,1,142,0
1,1,1,4,1,23,0
13,17,86,42,1,179,0
6,8,46,26,1,133,1
2,2,8,1,1,10,1
3,5,170,138,1,49,1
3,3,9,9,1,25,0
7,9,163,135,1,186,0
0,0,0,0,0,0,1
6,15,634,75,1,50,1
2,2,4,4,1,42,0
3,3,4,4,1,95,0
2,3,31,24,1,9,0
11,14,115,62,1,152,0
12,20,211,160,1,266,1
19,76,1215,1025,1,521,0
2,2,34,2,1,2,0
9,22,458,135,1,124,1
1,1,1,1,1,66,0
15,20,308,36,1,107,1
1,1,0,0,1,0,0
2,5,29,23,1,32,1
1,3,0,0,1,7,0
5,5,39,5,1,47,0
2,3,229,117,1,18,1
2,5,29,23,1,32,1
13,17,129,48,1,236,1
22,41,430,245,1,63,1
1,1,1,1,1,3,0
13,20,318,75,1,64,1
15,20,308,36,1,107,1
6,18,329,202,1,50,1
9,10,47,17,1,66,1
2,2,4,4,1,99,0
6,18,329,202,1,50,1
1,1,2,2,1,3,0
1,1,201,0,1,0,0
8,18,943,62,1,150,1
1,1,1,1,1,25,0
1,1,2,7,1,7,0
7,9,103,34,1,4,1
2,4,2,6,1,4,0
1,1,2,1,1,10,0
1,1,0,1,1,40,0
6,8,46,26,1,133,1
6,11,519,123,1,52,1
9,16,137,59,1,127,1
17,32,860,0,1,0,0
2,2,4,4,1,47,0
6,18,329,202,1,50,1
3,3,13,12,1,37,1
4,17,227,91,1,44,1
8,11,313,209,1,179,1
16,44,1502,946,1,198,1
6,16,266,108,1,74,1
2,2,4,4,1,81,0
4,6,85,33,1,51,1
1,1,17,0,1,2,0
6,6,38,12,1,20,0
14,33,1242,540,1,163,1
1,2,0,0,1,0,0
1,1,1,1,1,9,0
1,1,1,1,1,25,0
3,3,16,5,1,31,1
2,2,4,4,1,81,0
3,3,13,12,1,37,1
1,1,0,2,1,1,0
3,4,8,7,1,47,1
2,2,4,4,1,107,0
23,38,96,108,1,245,1
2,2,4,4,1,12,0
1,1,15,1,1,6,1
5,5,39,5,1,47,0
8,18,198,172,1,101,1
0,0,0,0,0,0,1
5,5,39,5,1,47,0
3,4,8,7,1,47,1
4,7,269,188,1,40,1
1,1,21,21,1,6,0
1,1,1,1,1,66,0
6,8,46,26,1,133,1
3,3,16,5,1,31,1
6,9,50,34,1,29,1
2,2,4,4,1,112,0
6,15,634,75,1,50,1
6,18,329,202,1,50,1
2,2,4,4,1,90,0
1,3,0,0,1,10,0
4,17,227,91,1,44,1
2,4,23,21,1,67,1
18,50,1427,1377,1,198,1
2,2,4,4,1,56,0
2,2,4,4,1,112,0
13,17,86,42,1,179,0
3,3,41,19,1,74,0
2,2,8,12,1,47,0
2,3,7,8,1,16,0
2,2,2,2,1,31,0
1,2,0,0,1,2,0
1,1,34,0,1,6,0
4,17,227,91,1,44,1
1,2,0,0,1,4,0
10,13,181,149,1,204,0
6,16,266,108,1,74,1
2,2,7,2,1,8,0
8,13,251,20,1,69,1
4,11,300,298,1,27,1
3,3,66,29,1,68,1
3,3,66,29,1,68,1
1,1,1,1,1,23,0
13,17,129,48,1,236,1
6,7,15,14,1,91,1
6,8,46,26,1,133,1
1,1,2,0,1,12,0
18,31,356,240,1,106,1
1,1,8,7,1,1,0
2,2,4,4,1,12,0
6,8,46,26,1,133,1
11,14,115,62,1,152,0
13,17,182,119,1,287,0
2,2,8,1,1,7,1
23,38,96,108,1,245,1
5,5,30,34,1,142,0
9,14,211,5,1,35,1
1,1,2,2,1,3,0
1,1,1,1,1,3,0
11,13,175,25,1,33,1
1,1,4,4,1,3,0
2,2,6,8,1,95,0
1,1,0,2,1,1,0
2,3,229,117,1,18,1
6,13,122,119,1,50,1
9,23,610,462,1,74,1
1,1,1,1,1,66,0
6,9,50,34,1,29,1
1,4,0,0,1,4,0
1,1,0,0,1,6,0
4,5,65,134,1,94,0
2,3,1,0,1,22,0
6,7,21,11,1,2,0
7,9,103,34,1,4,1
2,5,29,23,1,32,1
13,17,129,48,1,236,1
3,6,61,20,1,52,1
2,5,29,23,1,32,1
16,44,1502,946,1,198,1
1,1,0,0,1,2,0
1,1,1,1,1,66,0
3,3,13,12,1,37,1
22,41,430,245,1,63,1
22,41,430,245,1,63,1
1,2,0,0,1,4,0
13,17,182,119,1,287,0
23,38,96,108,1,245,1
7,9,103,34,1,4,1
1,2,6,7,1,8,0
6,16,266,108,1,74,1
0,0,0,0,0,0,1
11,13,175,25,1,33,1
14,33,1242,540,1,163,1
7,9,103,34,1,4,1
1,1,1,1,1,15,0
4,4,6,6,1,87,1
22,41,430,245,1,63,1
1,1,1,4,1,23,0
4,7,269,188,1,40,1
9,23,610,462,1,74,1
1,1,2,0,1,18,0
6,16,266,108,1,74,1
4,6,85,33,1,51,1
9,19,583,213,1,119,1
3,9,13,90,1,55,0
3,3,13,12,1,37,1
2,2,4,4,1,47,0
12,20,211,160,1,266,1
0,0,0,0,0,0,1
1,1,1,1,1,25,0
4,7,269,188,1,40,1
4,6,85,33,1,51,1
14,33,1242,540,1,163,1
4,8,76,67,1,74,1
1,1,1,1,1,13,0
2,2,6,8,1,95,0
2,2,8,12,1,47,0
7,9,103,34,1,4,1
1,1,1,4,1,23,0
4,4,6,6,1,87,1
1,1,2,7,1,7,0
8,18,198,172,1,101,1
8,13,251,20,1,69,1
6,13,122,119,1,50,1
18,50,1427,1377,1,198,1
3,3,77,3,1,39,0
1,1,11,8,1,7,0
6,9,50,34,1,29,1
8,11,313,209,1,179,1
6,7,15,14,1,91,1
9,23,610,462,1,74,1
7,10,35,94,1,15,1
4,10,73,39,1,91,0
6,9,50,34,1,29,1
2,3,22,11,1,38,1
1,1,2,2,1,1,0
1,1,201,0,1,0,0
3,3,20,7,1,33,0
16,44,1502,946,1,198,1
7,13,168,74,1,68,0
7,9,103,34,1,4,1
1,1,1,1,1,66,0
1,1,1,1,1,3,0
0,0,0,0,0,0,1
7,8,83,16,1,124,1
2,2,4,4,1,123,0
0,0,0,0,0,0,1
3,3,20,7,1,33,0
3,7,150,80,1,16,1
1,1,1,1,1,2,0
13,23,141,190,1,132,1
2,2,4,4,1,97,0
2,2,4,4,1,40,0
1,1,11,8,1,7,0
2,2,4,4,1,15,0
1,1,0,2,1,28,0
7,10,35,94,1,15,1
3,9,13,90,1,55,0
9,11,63,58,1,87,1
6,7,15,14,1,91,1
9,14,211,5,1,35,1
13,20,318,75,1,64,1
11,19,240,28,1,52,0
3,4,13,2,1,6,1
4,6,85,33,1,51,1
13,17,182,119,1,287,0
1,1,8,7,1,1,0
6,16,266,108,1,74,1
9,10,47,17,1,66,1
1,1,1,1,1,3,0
14,33,1242,540,1,163,1
13,23,141,190,1,132,1
3,3,6,6,1,81,0
3,7,150,80,1,16,1
3,5,170,138,1,49,1
6,8,65,26,1,88,1
9,16,137,59,1,127,1
13,17,129,48,1,236,1
1,1,17,0,1,2,0
2,2,4,4,1,81,0
9,23,610,462,1,74,1
1,1,0,0,1,6,0
4,7,269,188,1,40,1
9,23,610,462,1,74,1
3,3,66,29,1,68,1
9,19,583,213,1,119,1
1,1,14,0,1,0,0
2,4,23,21,1,67,1
1,1,1,6,1,9,0
6,9,78,55,1,26,1
3,3,5,7,1,125,0
1,1,8,7,1,1,0
8,10,66,12,1,19,0
1,1,1,1,1,6,0
3,7,150,80,1,16,1
2,3,31,24,1,9,0
0,0,0,0,0,0,1
6,7,15,14,1,91,1
1,1,0,0,1,6,0
4,6,85,33,1,51,1
1,1,0,0,1,5,0
1,1,32,0,1,0,0
3,3,13,12,1,37,1
1,1,13,7,1,1,0
0,0,0,0,0,0,1
23,38,96,108,1,245,1
9,14,211,5,1,35,1
9,19,583,213,1,119,1
1,1,0,2,1,28,0
8,18,943,62,1,150,1
9,23,610,462,1,74,1
6,7,15,14,1,91,1
6,15,634,75,1,50,1
2,2,24,0,1,49,0
3,3,82,4,1,6,0
3,3,82,4,1,6,0
2,2,8,1,1,7,1
3,3,13,12,1,37,1
1,1,15,1,1,6,1
1,2,0,0,1,2,0
1,1,2,0,1,4,0
2,2,4,4,1,99,0
1,1,0,1,1,2,0
1,1,2,0,1,18,0
1,1,0,0,1,0,0
2,2,4,4,1,8,0
2,5,29,23,1,32,1
1,1,1,6,1,9,0
4,17,227,91,1,44,1
1,1,2,2,1,1,0
8,13,251,20,1,69,1
4,6,85,33,1,51,1
1,1,2,7,1,7,0
1,1,1,1,1,21,0
1,1,1,1,1,3,0
1,1,22,52,1,10,0
7,10,73,33,1,17,0
3,3,15,15,1,2,0
1,1,20,8,1,4,0
23,38,96,108,1,245,1
1,1,2,2,1,1,0
1,1,2,2,1,22,0
3,4,26,2,1,29,0
1,2,0,0,1,4,0
13,23,141,190,1,132,1
1,1,15,6,1,9,0
6,8,46,26,1,133,1
2,2,2,1,1,5,0
22,41,430,245,1,63,1
15,20,308,36,1,107,1
4,6,85,33,1,51,1
19,76,1215,1025,1,521,0
2,3,22,11,1,38,1
9,14,211,5,1,35,1
2,2,34,2,1,2,0
1,1,7,0,1,0,0
6,11,519,123,1,52,1
7,8,83,16,1,124,1
5,5,39,5,1,47,0
12,36,102,42,1,266,0
2,2,4,4,1,90,0
8,18,198,172,1,101,1
2,2,4,4,1,51,0
14,33,1242,540,1,163,1
2,2,4,4,1,44,0
2,3,229,117,1,18,1
0,0,0,0,0,0,1
3,3,82,4,1,6,0
18,50,1427,1377,1,198,1
6,13,122,119,1,50,1
4,8,76,67,1,74,1
3,3,13,9,1,47,0
4,7,269,188,1,40,1
13,20,318,75,1,64,1
6,7,15,14,1,91,1
6,11,519,123,1,52,1
7,8,83,16,1,124,1
16,44,1502,946,1,198,1
7,9,103,34,1,4,1
3,3,16,5,1,31,1
1,1,1,1,1,10,0
9,16,137,59,1,127,1
2,3,9,9,1,12,0
13,20,318,75,1,64,1
2,2,4,4,1,123,0
2,11,1,1,1,28,0
2,3,4,15,1,20,0
15,20,308,36,1,107,1
9,11,63,58,1,87,1
9,14,211,5,1,35,1
16,29,392,139,1,207,1
8,11,313,209,1,179,1
9,16,137,59,1,127,1
1,1,2,2,1,26,0
3,3,9,9,1,25,0
2,2,4,4,1,97,0
1,1,1,0,1,0,0
9,11,63,58,1,87,1
1,1,3,0,1,46,0
1,1,2,10,1,5,0
18,50,1427,1377,1,198,1
2,5,29,23,1,32,1
11,13,175,25,1,33,1
12,20,211,160,1,266,1
9,19,583,213,1,119,1
16,44,1502,946,1,198,1
2,2,8,1,1,10,1
1,1,32,0,1,0,0
16,29,392,139,1,207,1
1,1,15,6,1,9,0
2,2,4,4,1,97,0
1,1,14,0,1,0,0
6,6,38,12,1,20,0
2,2,7,2,1,8,0
1,1,15,1,1,2,0
3,7,150,80,1,16,1
13,20,318,75,1,64,1
3,7,150,80,1,16,1
2,2,4,4,1,51,0
6,15,634,75,1,50,1
23,38,96,108,1,245,1
0,0,0,0,0,0,1
7,8,83,16,1,124,1
1,1,15,1,1,2,0
2,2,4,4,1,54,0
1,1,1,1,1,13,0
3,6,61,20,1,52,1
6,8,46,26,1,133,1
6,15,634,75,1,50,1
10,10,0,0,1,15,0
7,10,35,94,1,15,1
1,1,3,2,1,1,0
1,1,0,0,1,2,0
1,1,2,1,1,10,0
1,2,0,0,1,0,0
1,1,2,0,1,4,0
6,6,38,12,1,20,0
1,1,2,2,1,1,0
13,20,318,75,1,64,1
16,44,1502,946,1,198,1
2,2,4,4,1,12,0
9,14,211,5,1,35,1
6,9,50,34,1,29,1
2,2,4,4,1,99,0
3,3,66,29,1,68,1
8,18,943,62,1,150,1
1,1,2,0,1,4,0
2,5,29,23,1,32,1
2,5,29,23,1,32,1
3,5,170,138,1,49,1
8,10,66,12,1,19,0
19,76,1215,1025,1,521,0
7,13,168,74,1,68,0
2,2,24,0,1,66,0
10,13,181,149,1,204,0
2,2,4,4,1,8,0
1,1,1,1,1,1,0
1,1,1,1,1,19,0
4,4,6,6,1,87,1
7,10,35,94,1,15,1
3,7,150,80,1,16,1
1,1,8,7,1,1,0
9,14,211,5,1,35,1
18,31,356,240,1,106,1
18,50,1427,1377,1,198,1
3,3,13,12,1,37,1
22,41,430,245,1,63,1
9,19,583,213,1,119,1
1,1,2,1,1,10,0
2,3,229,117,1,18,1
9,14,211,5,1,35,1
6,11,519,123,1,52,1
2,2,4,4,1,105,0
7,10,35,94,1,15,1
4,10,73,39,1,91,0
1,2,6,7,1,8,0
6,11,519,123,1,52,1
2,2,4,4,1,54,0
6,18,329,202,1,50,1
1,2,6,7,1,8,0
1,1,1,1,1,23,0
9,11,63,58,1,87,1
1,1,1,1,1,23,0
11,19,240,28,1,52,0
1,1,13,7,1,1,0
1,3,0,0,1,10,0
2,2,4,4,1,44,0
1,1,1,1,1,25,0
19,76,1215,1025,1,521,0
19,36,457,471,1,182,0
4,7,269,188,1,40,1
2,2,4,4,1,54,0
1,1,1,1,1,3,0
11,19,240,28,1,52,0
1,1,15,1,1,6,1
6,7,21,11,1,2,0
6,8,46,26,1,133,1
1,1,1,1,1,15,0
6,11,519,123,1,52,1
2,2,4,4,1,40,0
3,3,13,12,1,37,1
13,17,86,42,1,179,0
4,11,300,298,1,27,1
2,3,4,15,1,20,0
2,2,8,12,1,47,0
1,1,1,1,1,19,0
2,2,4,4,1,12,0
1,1,9,4,1,12,0
6,7,15,14,1,91,1
3,6,61,20,1,52,1
18,31,356,240,1,106,1
1,1,1,1,1,1,0
7,8,83,16,1,124,1
3,3,77,3,1,39,0
6,8,65,26,1,88,1
2,2,4,4,1,107,0
2,2,34,2,1,2,0
1,1,1,1,1,19,0
1,1,1,1,1,15,0
0,0,0,0,0,0,1
6,8,46,26,1,133,1
1,1,15,6,1,9,0
1,1,1,1,1,1,0
3,6,136,108,1,15,0
3,7,150,80,1,16,1
2,3,7,8,1,16,0
7,9,103,34,1,4,1
6,16,266,108,1,74,1
6,15,634,75,1,50,1
2,3,7,1,1,1,0
1,1,15,1,1,6,1
13,20,318,75,1,64,1
1,1,1,1,1,34,0
15,20,308,36,1,107,1
1,1,1,1,1,19,0
3,3,15,15,1,2,0
2,2,2,2,1,12,0
1,1,2,2,1,3,0
3,6,61,20,1,52,1
10,22,283,174,1,177,0
9,10,47,17,1,66,1
2,3,229,117,1,18,1
9,10,47,17,1,66,1
1,1,0,0,1,2,0
4,8,76,67,1,74,1
3,6,61,20,1,52,1
1,2,3,3,1,8,0
1,1,0,0,1,0,0
2,23,8,5,1,30,0
1,1,201,0,1,0,0
22,41,430,245,1,63,1
7,8,83,16,1,124,1
1,2,0,0,1,0,0
8,13,251,20,1,69,1
4,4,6,6,1,87,1
3,3,66,29,1,68,1
14,33,1242,540,1,163,1
1,1,1,1,1,3,0
10,13,181,149,1,204,0
1,1,1,1,1,6,0
0,0,0,0,0,0,1
4,11,300,298,1,27,1
18,50,1427,1377,1,198,1
2,2,8,1,1,7,1
2,2,4,4,1,81,0
1,1,32,0,1,0,0
2,2,4,4,1,35,0
1,1,0,0,1,2,0
1,2,6,7,1,8,0
1,1,1,1,1,6,0
9,14,211,5,1,35,1
9,23,610,462,1,74,1
9,14,211,5,1,35,1
2,2,4,4,1,42,0
9,23,610,462,1,74,1
3,3,13,9,1,47,0
3,4,26,2,1,29,0
9,22,458,135,1,124,1
1,1,20,8,1,4,0
2,3,22,11,1,38,1
3,3,13,12,1,37,1
1,1,1,1,1,3,0
3,3,13,12,1,37,1
3,3,77,3,1,39,0
2,2,4,4,1,107,0
3,3,13,12,1,37,1
1,1,2,2,1,1,0
6,15,634,75,1,50,1
1,1,2,2,1,26,0
3,3,77,3,1,39,0
1,1,0,2,1,28,0
2,5,29,23,1,32,1
21,93,3705,3860,1,248,1
3,3,13,9,1,47,0
8,13,251,20,1,69,1
1,1,2,2,1,1,0
6,10,139,49,1,21,0
9,22,458,135,1,124,1
1,1,15,1,1,6,1
6,7,15,14,1,91,1
19,76,1215,1025,1,521,0
12,20,211,160,1,266,1
3,3,13,9,1,47,0
3,4,8,7,1,47,1
2,2,4,4,1,35,0
7,9,163,135,1,186,0
6,10,139,49,1,21,0
1,1,1,1,1,2,0
3,3,4,4,1,95,0
2,23,8,5,1,30,0
4,11,300,298,1,27,1
21,93,3705,3860,1,248,1
1,1,1,1,1,3,0
2,3,229,117,1,18,1
22,41,430,245,1,63,1
2,2,2,1,1,5,0
2,2,4,4,1,47,0
9,14,211,5,1,35,1
1,4,0,0,1,4,0
1,1,1,1,1,19,0
10,22,283,174,1,177,0
21,93,3705,3860,1,248,1
1,1,1,1,1,16,0
3,3,82,4,1,6,0
9,10,47,17,1,66,1
3,7,150,80,1,16,1
6,11,519,123,1,52,1
1,1,0,4,1,4,0
6,16,266,108,1,74,1
18,50,1427,1377,1,198,1
1,5,0,0,1,4,0
2,2,34,2,1,2,0
1,1,2,7,1,7,0
3,4,13,2,1,6,1
3,9,13,90,1,55,0
7,10,35,94,1,15,1
7,9,103,34,1,4,1
1,2,128,128,1,1,0
3,6,61,20,1,52,1
9,19,583,213,1,119,1
1,1,0,0,1,0,0
2,2,4,4,1,47,0
8,13,251,20,1,69,1
6,11,519,123,1,52,1
1,1,2,2,1,1,0
22,41,430,245,1,63,1
6,16,266,108,1,74,1
1,1,2,2,1,22,0
6,7,15,14,1,91,1
6,9,78,55,1,26,1
7,10,35,94,1,15,1
1,1,2,2,1,26,0
13,20,318,75,1,64,1
16,29,392,139,1,207,1
15,20,308,36,1,107,1
1,1,0,4,1,4,0
18,50,1427,1377,1,198,1
2,4,23,21,1,67,1
13,17,129,48,1,236,1
2,3,7,1,1,1,0
1,1,2,1,1,10,0
2,2,4,4,1,90,0
2,2,4,4,1,12,0
1,1,2,1,1,10,0
1,1,3,2,1,1,0
7,10,73,33,1,17,0
3,6,61,20,1,52,1
11,14,115,62,1,152,0
1,1,9,4,1,12,0
3,3,66,29,1,68,1
2,4,23,21,1,67,1
1,1,22,52,1,10,0
4,4,6,6,1,87,1
6,9,78,55,1,26,1
1,1,2,2,1,1,0
9,16,137,59,1,127,1
2,5,29,23,1,32,1
3,3,16,5,1,31,1
3,3,13,12,1,37,1
3,3,5,7,1,125,0
3,9,13,90,1,55,0
2,2,4,4,1,54,0
1,1,0,4,1,4,0
11,13,175,25,1,33,1
3,6,61,20,1,52,1
1,1,15,6,1,9,0
1,5,0,0,1,4,0
3,9,13,90,1,55,0
1,1,2,0,1,12,0
1,1,0,0,1,5,0
23,38,96,108,1,245,1
4,8,76,67,1,74,1
1,1,1,1,1,49,0
1,1,201,0,1,0,0
22,41,430,245,1,63,1
3,3,13,9,1,47,0
19,36,457,471,1,182,0
8,13,251,20,1,69,1
22,41,430,245,1,63,1
2,2,4,4,1,107,0
1,1,1,1,1,10,0
3,3,13,9,1,47,0
2,2,4,4,1,35,0
18,31,356,240,1,106,1
2,2,4,4,1,8,0
3,3,20,7,1,33,0
2,2,4,4,1,12,0
3,3,16,5,1,31,1
22,41,430,245,1,63,1
1,1,2,9,1,5,0
6,8,65,26,1,88,1
15,20,308,36,1,107,1
22,41,430,245,1,63,1
4,17,227,91,1,44,1
1,1,0,0,1,5,0
2,5,29,23,1,32,1
1,1,0,0,1,5,0
4,7,269,188,1,40,1
4,10,73,39,1,91,0
11,13,175,25,1,33,1
4,7,269,188,1,40,1
6,11,519,123,1,52,1
4,4,6,6,1,87,1
2,2,4,3,1,83,0
1,1,3,0,1,13,0
2,4,23,21,1,67,1
1,1,1,1,1,10,0
3,5,170,138,1,49,1
2,2,2,2,1,31,0
3,4,13,2,1,6,1
3,3,13,12,1,37,1
2,2,4,4,1,112,0
16,29,392,139,1,207,1
1,1,1,1,1,15,0
15,20,308,36,1,107,1
12,36,102,42,1,266,0
7,8,83,16,1,124,1
21,93,3705,3860,1,248,1
4,6,31,22,1,133,0
1,1,15,1,1,6,1
2,2,8,1,1,7,1
12,20,211,160,1,266,1
1,1,2,9,1,5,0
1,1,1,1,1,23,0
9,11,63,58,1,87,1
1,1,0,2,1,1,0
1,1,1,1,1,34,0
4,4,6,6,1,87,1
1,2,3,3,1,8,0
7,13,168,74,1,68,0
2,2,8,1,1,7,1
2,3,229,117,1,18,1
8,18,198,172,1,101,1
18,31,356,240,1,106,1
4,17,227,91,1,44,1
2,2,4,4,1,105,0
7,9,163,135,1,186,0
4,5,65,134,1,94,0
7,13,168,74,1,68,0
6,7,15,14,1,91,1
2,3,22,11,1,38,1
9,16,137,59,1,127,1
6,11,519,123,1,52,1
7,9,163,135,1,186,0
1,3,0,0,1,7,0
2,4,23,21,1,67,1
4,4,6,6,1,87,1
6,18,329,202,1,50,1
6,8,46,26,1,133,1
1,1,1,1,1,6,0
9,19,583,213,1,119,1
1,1,1,1,1,9,0
3,6,136,108,1,15,0
1,1,15,1,1,6,1
13,17,182,119,1,287,0
2,2,4,4,1,47,0
2,2,4,3,1,83,0
1,1,15,1,1,6,1
4,8,76,67,1,74,1
1,1,1,1,1,66,0
7,8,83,16,1,124,1
6,8,65,26,1,88,1
3,3,77,3,1,39,0
8,10,66,12,1,19,0
9,11,63,58,1,87,1
2,5,29,23,1,32,1
13,17,86,42,1,179,0
1,1,15,1,1,2,0
16,44,1502,946,1,198,1
12,36,102,42,1,266,0
4,17,227,91,1,44,1
1,1,4,4,1,3,0
9,14,211,5,1,35,1
3,3,5,7,1,125,0
4,8,76,67,1,74,1
23,38,96,108,1,245,1
7,10,35,94,1,15,1
1,1,2,0,1,4,0
2,2,2,1,1,5,0
6,8,46,26,1,133,1
8,18,198,172,1,101,1
2,4,23,21,1,67,1
9,23,610,462,1,74,1
14,33,1242,540,1,163,1
2,3,22,11,1,38,1
3,7,150,80,1,16,1
2,2,4,4,1,40,0
6,9,78,55,1,26,1
11,14,115,62,1,152,0
1,1,0,0,1,6,0
1,1,1,1,1,15,0
13,17,182,119,1,287,0
7,9,103,34,1,4,1
3,7,150,80,1,16,1
8,18,943,62,1,150,1
3,3,13,12,1,37,1
2,5,29,23,1,32,1
1,1,1,0,1,0,0
12,20,211,160,1,266,1
7,10,35,94,1,15,1
1,1,0,1,1,40,0
1,1,1,1,1,9,0
6,9,50,34,1,29,1
2,3,22,11,1,38,1
12,36,102,42,1,266,0
1,1,15,1,1,6,1
16,29,392,139,1,207,1
2,2,4,4,1,51,0
1,1,8,7,1,1,0
3,3,66,29,1,68,1
15,20,308,36,1,107,1
1,1,15,6,1,9,0
16,44,1502,946,1,198,1
7,16,3,11,1,15,0
18,31,356,240,1,106,1
2,2,8,1,1,7,1
2,2,4,4,1,99,0
8,13,251,20,1,69,1
2,3,22,11,1,38,1
9,14,211,5,1,35,1
3,3,16,5,1,31,1
1,1,22,52,1,10,0
1,1,1,1,1,49,0
4,17,227,91,1,44,1
2,2,4,4,1,81,0
1,3,0,0,1,10,0
1,1,1,0,1,1,0
1,1,15,1,1,6,1
2,2,2,1,1,5,0
2,3,14,0,1,7,0
1,1,15,1,1,6,1
2,3,1,0,1,22,0
13,17,129,48,1,236,1
13,17,129,48,1,236,1
2,2,8,1,1,10,1
6,9,78,55,1,26,1
1,1,1,1,1,3,0
2,3,22,11,1,38,1
7,16,3,11,1,15,0
4,11,300,298,1,27,1
1,1,2,0,1,4,0
6,16,266,108,1,74,1
4,6,31,22,1,133,0
6,11,519,123,1,52,1
1,2,0,0,1,0,0
1,1,1,0,1,0,0
8,13,251,20,1,69,1
8,11,313,209,1,179,1
4,11,300,298,1,27,1
9,11,63,58,1,87,1
9,11,63,58,1,87,1
10,10,0,0,1,15,0
3,5,170,138,1,49,1
1,1,1,1,1,21,0
1,2,6,7,1,8,0
2,3,7,8,1,16,0
1,1,201,0,1,0,0
1,3,0,0,1,7,0
3,4,13,2,1,6,1
1,3,0,0,1,7,0
2,2,4,4,1,90,0
1,1,0,0,1,0,0
6,15,634,75,1,50,1
23,38,96,108,1,245,1
6,10,139,49,1,21,0
4,8,76,67,1,74,1
14,33,1242,540,1,163,1
1,2,6,7,1,8,0
14,33,1242,540,1,163,1
12,20,211,160,1,266,1
4,8,76,67,1,74,1
4,6,85,33,1,51,1
1,1,1,0,1,0,0
11,14,115,62,1,152,0
2,2,4,4,1,38,0
8,18,198,172,1,101,1
6,16,266,108,1,74,1
2,2,8,1,1,7,1
4,5,65,134,1,94,0
9,16,137,59,1,127,1
2,2,24,0,1,49,0
1,1,15,1,1,6,1
3,3,15,15,1,2,0
3,4,8,7,1,47,1
3,3,5,7,1,125,0
3,4,13,2,1,6,1
4,6,85,33,1,51,1
7,8,83,16,1,124,1
3,3,13,9,1,47,0
3,3,16,5,1,31,1
1,4,0,0,1,0,0
1,1,17,0,1,2,0
9,16,137,59,1,127,1
1,1,15,1,1,6,1
7,9,103,34,1,4,1
23,38,96,108,1,245,1
13,17,129,48,1,236,1
2,2,4,4,1,15,0
3,6,61,20,1,52,1
1,1,21,21,1,6,0
8,13,251,20,1,69,1
1,1,0,2,1,28,0
7,9,103,34,1,4,1
9,23,610,462,1,74,1
2,11,1,1,1,28,0
11,13,175,25,1,33,1
6,18,329,202,1,50,1
2,2,4,4,1,112,0
1,1,2,7,1,7,0
11,14,115,62,1,152,0
6,16,266,108,1,74,1
15,20,308,36,1,107,1
1,1,1,1,1,3,0
7,13,168,74,1,68,0
6,15,634,75,1,50,1
8,18,198,172,1,101,1
2,2,2,2,1,31,0
3,9,13,90,1,55,0
3,4,97,54,1,22,0
2,3,7,1,1,1,0
10,13,181,149,1,204,0
4,8,76,67,1,74,1
4,5,65,134,1,94,0
0,0,0,0,0,0,1
2,3,14,0,1,7,0
8,18,198,172,1,101,1
1,1,1,1,1,3,0
2,3,22,11,1,38,1
16,29,392,139,1,207,1
3,7,150,80,1,16,1
2,3,1,0,1,22,0
2,4,2,6,1,4,0
3,5,170,138,1,49,1
1,1,2,10,1,5,0
2,2,7,2,1,8,0
6,9,78,55,1,26,1
2,3,7,8,1,16,0
1,1,9,4,1,12,0
8,13,251,20,1,69,1
8,13,251,20,1,69,1
2,2,2,1,1,5,0
1,1,0,1,1,40,0
6,13,122,119,1,50,1
4,11,300,298,1,27,1
3,4,26,2,1,29,0
6,15,634,75,1,50,1
18,50,1427,1377,1,198,1
9,11,63,58,1,87,1
11,19,240,28,1,52,0
6,7,21,11,1,2,0
6,8,46,26,1,133,1
2,2,4,4,1,51,0
1,1,2,2,1,1,0
3,3,16,5,1,31,1
6,15,634,75,1,50,1
2,23,8,5,1,30,0
2,3,22,11,1,38,1
1,1,1,6,1,9,0
1,1,1,1,1,16,0
3,3,5,7,1,125,0
3,3,13,12,1,37,1
1,1,0,4,1,4,0
19,76,1215,1025,1,521,0
3,6,61,20,1,52,1
1,1,1,1,1,2,0
3,3,16,5,1,31,1
3,3,16,5,1,31,1
4,4,6,6,1,87,1
6,8,46,26,1,133,1
4,6,31,22,1,133,0
4,6,85,33,1,51,1
6,13,122,119,1,50,1
3,6,61,20,1,52,1
5,6,48,50,1,25,0
1,1,14,0,1,0,0
2,2,4,4,1,38,0
1,1,3,0,1,13,0
6,15,634,75,1,50,1
3,4,26,2,1,29,0
3,6,61,20,1,52,1
3,4,13,2,1,6,1
6,9,78,55,1,26,1
2,2,8,1,1,7,1
3,3,13,9,1,47,0
2,2,7,2,1,8,0
16,29,392,139,1,207,1
4,7,269,188,1,40,1
8,18,198,172,1,101,1
2,2,8,1,1,10,1
9,23,610,462,1,74,1
2,2,4,4,1,44,0
1,1,1,0,1,0,0
14,33,1242,540,1,163,1
1,3,0,0,1,10,0
1,1,2,7,1,7,0
3,3,16,5,1,31,1
1,1,4,4,1,3,0
8,18,198,172,1,101,1
5,5,39,5,1,47,0
3,3,66,29,1,68,1
1,1,8,7,1,1,0
1,1,14,0,1,0,0
4,17,227,91,1,44,1
3,4,97,54,1,22,0
6,10,139,49,1,21,0
6,8,65,26,1,88,1
16,44,1502,946,1,198,1
2,5,29,23,1,32,1
9,10,47,17,1,66,1
1,1,9,4,1,12,0
23,38,96,108,1,245,1
2,2,2,2,1,12,0
1,1,2,2,1,22,0
2,2,4,4,1,8,0
14,33,1242,540,1,163,1
1,1,11,8,1,7,0
6,8,46,26,1,133,1
3,4,97,54,1,22,0
13,20,318,75,1,64,1
6,10,139,49,1,21,0
8,18,198,172,1,101,1
6,16,266,108,1,74,1
2,2,8,1,1,7,1
16,29,392,139,1,207,1
1,1,0,1,1,40,0
1,2,128,128,1,1,0
2,11,1,1,1,28,0
16,29,392,139,1,207,1
18,50,1427,1377,1,198,1
4,6,85,33,1,51,1
1,1,21,21,1,6,0
4,8,76,67,1,74,1
2,2,8,12,1,47,0
2,2,4,4,1,105,0
2,2,4,4,1,12,0
12,20,211,160,1,266,1
9,11,63,58,1,87,1
1,1,1,1,1,16,0
1,1,11,8,1,7,0
7,13,168,74,1,68,0
13,17,129,48,1,236,1
2,2,4,4,1,56,0
1,1,15,1,1,6,1
9,10,47,17,1,66,1
7,13,168,74,1,68,0
18,31,356,240,1,106,1
2,3,7,1,1,1,0
2,2,2,1,1,5,0
1,1,0,10,1,22,0
9,22,458,135,1,124,1
3,3,9,9,1,25,0
1,1,1,1,1,10,0
4,17,227,91,1,44,1
6,8,46,26,1,133,1
6,9,50,34,1,29,1
2,2,34,2,1,2,0
1,1,1,0,1,0,0
9,14,211,5,1,35,1
8,10,66,12,1,19,0
13,20,318,75,1,64,1
2,3,22,11,1,38,1
7,13,168,74,1,68,0
2,2,4,4,1,15,0
6,13,122,119,1,50,1
2,3,4,15,1,20,0
18,50,1427,1377,1,198,1
2,5,29,23,1,32,1
2,2,2,2,1,12,0
13,17,182,119,1,287,0
1,1,2,2,1,3,0
7,8,83,16,1,124,1
7,10,35,94,1,15,1
3,3,20,7,1,33,0
1,1,32,0,1,0,0
2,3,9,9,1,12,0
18,50,1427,1377,1,198,1
13,17,86,42,1,179,0
2,3,14,0,1,7,0
18,31,356,240,1,106,1
8,18,198,172,1,101,1
1,1,2,7,1,7,0
2,2,24,0,1,49,0
12,36,102,42,1,266,0
8,13,251,20,1,69,1
2,4,23,21,1,67,1
1,1,0,0,1,2,0
3,3,20,7,1,33,0
1,1,1,1,1,21,0
13,20,318,75,1,64,1
1,1,1,1,1,19,0
9,11,63,58,1,87,1
5,5,39,5,1,47,0
13,17,86,42,1,179,0
7,13,168,74,1,68,0
2,3,9,9,1,12,0
1,4,0,0,1,0,0
2,2,2,2,1,31,0
5,5,39,5,1,47,0
8,18,943,62,1,150,1
8,18,943,62,1,150,1
1,1,3,0,1,46,0
6,7,15,14,1,91,1
9,16,137,59,1,127,1
8,18,198,172,1,101,1
1,1,13,7,1,1,0
2,2,6,8,1,95,0
7,9,103,34,1,4,1
1,1,1,1,1,19,0
1,1,1,0,1,1,0
6,8,46,26,1,133,1
6,9,78,55,1,26,1
13,17,129,48,1,236,1
1,1,32,0,1,0,0
7,8,83,16,1,124,1
6,9,78,55,1,26,1
4,7,269,188,1,40,1
6,9,50,34,1,29,1
1,1,14,0,1,0,0
2,3,22,11,1,38,1
6,13,122,119,1,50,1
1,1,2,2,1,3,0
2,2,8,1,1,7,1
4,17,227,91,1,44,1
16,44,1502,946,1,198,1
2,4,2,6,1,4,0
3,3,3,2,1,142,0
1,1,1,1,1,19,0
1,2,6,7,1,8,0
6,7,15,14,1,91,1
6,7,15,14,1,91,1
6,15,634,75,1,50,1
2,2,4,4,1,40,0
1,1,9,4,1,12,0
2,2,4,4,1,99,0
1,1,1,1,1,3,0
7,16,3,11,1,15,0
6,18,329,202,1,50,1
1,1,2,1,1,10,0
1,1,0,2,1,28,0
9,23,610,462,1,74,1
2,2,8,1,1,10,1
4,11,300,298,1,27,1
1,1,1,1,1,15,0
1,1,2,2,1,1,0
2,2,2,2,1,31,0
2,2,4,4,1,44,0
2,3,229,117,1,18,1
2,2,4,4,1,51,0
3,3,4,4,1,95,0
15,20,308,36,1,107,1
1,1,11,8,1,7,0
1,1,2,9,1,5,0
1,1,0,10,1,22,0
13,20,318,75,1,64,1
1,4,0,0,1,0,0
1,1,2,2,1,26,0
10,13,181,149,1,204,0
1,1,13,7,1,1,0
8,11,313,209,1,179,1
2,2,4,4,1,107,0
3,4,8,7,1,47,1
3,3,77,3,1,39,0
1,1,22,52,1,10,0
6,8,65,26,1,88,1
1,1,1,1,1,9,0
1,1,1,0,1,1,0
1,1,1,1,1,6,0
6,18,329,202,1,50,1
16,29,392,139,1,207,1
0,0,0,0,0,0,1
2,2,4,4,1,81,0
1,2,3,3,1,8,0
9,14,211,5,1,35,1
1,2,3,3,1,8,0
2,3,7,8,1,16,0
1,1,0,2,1,28,0
8,18,198,172,1,101,1
5,6,48,50,1,25,0
21,93,3705,3860,1,248,1
1,1,1,1,1,9,0
1,1,1,1,1,9,0
1,1,2,2,1,22,0
2,2,4,4,1,51,0
2,5,29,23,1,32,1
1,1,1,1,1,6,0
15,20,308,36,1,107,1
4,11,300,298,1,27,1
21,93,3705,3860,1,248,1
9,22,458,135,1,124,1
1,2,0,0,1,4,0
22,41,430,245,1,63,1
1,3,0,0,1,7,0
9,11,63,58,1,87,1
7,10,35,94,1,15,1
9,16,137,59,1,127,1
3,3,16,5,1,31,1
23,38,96,108,1,245,1
13,20,318,75,1,64,1
2,23,8,5,1,30,0
2,3,229,117,1,18,1
1,1,1,1,1,34,0
3,6,61,20,1,52,1
1,1,0,0,1,2,0
1,1,22,52,1,10,0
21,93,3705,3860,1,248,1
1,1,1,1,1,6,0
2,2,2,2,1,12,0
1,1,15,1,1,6,1
4,4,6,6,1,87,1
5,6,48,50,1,25,0
2,5,29,23,1,32,1
4,7,269,188,1,40,1
1,5,0,0,1,4,0
1,1,0,0,1,0,0
7,16,3,11,1,15,0
9,10,47,17,1,66,1
2,5,29,23,1,32,1
8,11,313,209,1,179,1
2,3,22,11,1,38,1
2,2,4,4,1,35,0
4,17,227,91,1,44,1
2,3,22,11,1,38,1
6,7,15,14,1,91,1
1,1,9,4,1,12,0
4,8,76,67,1,74,1
1,1,201,0,1,0,0
4,17,227,91,1,44,1
1,1,2,2,1,22,0
6,7,15,14,1,91,1
1,1,2,7,1,7,0
2,5,29,23,1,32,1
1,1,1,1,1,1,0
3,3,66,29,1,68,1
1,1,2,10,1,5,0
15,20,308,36,1,107,1
18,50,1427,1377,1,198,1
17,32,860,0,1,0,0
13,17,129,48,1,236,1
2,2,4,4,1,97,0
3,7,150,80,1,16,1
2,2,6,8,1,95,0
4,10,73,39,1,91,0
1,1,2,2,1,26,0
1,1,15,6,1,9,0
2,5,29,23,1,32,1
1,1,21,21,1,6,0
9,19,583,213,1,119,1
6,11,519,123,1,52,1
3,3,9,9,1,25,0
2,4,17,8,1,31,0
2,4,23,21,1,67,1
23,38,96,108,1,245,1
1,1,2,2,1,1,0
1,1,2,2,1,22,0
1,1,1,0,1,0,0
1,1,2,2,1,1,0
1,5,0,0,1,4,0
4,6,85,33,1,51,1
13,23,141,190,1,132,1
6,15,634,75,1,50,1
2,2,4,4,1,6,0
7,10,73,33,1,17,0
7,10,73,33,1,17,0
3,5,170,138,1,49,1
1,1,15,6,1,9,0
1,1,14,0,1,0,0
13,17,86,42,1,179,0
2,2,8,12,1,47,0
3,4,13,2,1,6,1
13,20,318,75,1,64,1
3,3,13,12,1,37,1
6,18,329,202,1,50,1
2,2,4,4,1,99,0
2,5,29,23,1,32,1
9,23,610,462,1,74,1
3,3,66,29,1,68,1
2,2,4,4,1,35,0
9,10,47,17,1,66,1
10,10,0,0,1,15,0
2,2,4,3,1,83,0
9,10,47,17,1,66,1
1,3,0,0,1,10,0
1,1,0,2,1,28,0
3,3,9,9,1,25,0
3,3,66,29,1,68,1
1,1,3,0,1,13,0
6,13,122,119,1,50,1
3,6,61,20,1,52,1
1,1,0,4,1,4,0
9,11,63,58,1,87,1
3,3,4,4,1,95,0
4,8,76,67,1,74,1
2,11,1,1,1,28,0
2,2,4,4,1,97,0
1,1,17,0,1,2,0
2,2,4,4,1,15,0
16,44,1502,946,1,198,1
6,13,122,119,1,50,1
0,0,0,0,0,0,1
1,1,2,0,1,12,0
3,3,15,15,1,2,0
8,11,313,209,1,179,1
5,6,48,50,1,25,0
2,2,4,4,1,8,0
8,13,251,20,1,69,1
6,8,65,26,1,88,1
13,17,129,48,1,236,1
1,1,11,8,1,7,0
0,0,0,0,0,0,1
10,10,0,0,1,15,0
4,6,85,33,1,51,1
1,2,0,0,1,2,0
13,20,318,75,1,64,1
3,3,16,5,1,31,1
1,1,4,4,1,3,0
2,2,2,2,1,31,0
13,17,86,42,1,179,0
3,3,16,5,1,31,1
8,18,943,62,1,150,1
8,18,943,62,1,150,1
2,3,229,117,1,18,1
2,3,229,117,1,18,1
7,10,35,94,1,15,1
2,3,14,0,1,7,0
16,44,1502,946,1,198,1
18,31,356,240,1,106,1
9,14,211,5,1,35,1
9,22,458,135,1,124,1
2,23,8,5,1,30,0
2,2,4,4,1,123,0
13,17,129,48,1,236,1
2,3,31,24,1,9,0
2,2,4,4,1,40,0
8,18,943,62,1,150,1
2,5,29,23,1,32,1
9,16,137,59,1,127,1
2,2,7,2,1,8,0
2,4,23,21,1,67,1
13,20,318,75,1,64,1
23,38,96,108,1,245,1
1,1,0,0,1,0,0
1,2,3,3,1,8,0
6,8,46,26,1,133,1
0,0,0,0,0,0,1
1,1,2,0,1,4,0
2,2,24,0,1,66,0
1,1,2,0,1,12,0
18,31,356,240,1,106,1
2,2,4,4,1,81,0
3,3,41,19,1,74,0
9,11,63,58,1,87,1
10,22,283,174,1,177,0
4,6,31,22,1,133,0
1,1,0,10,1,22,0
1,1,1,0,1,0,0
2,2,24,0,1,49,0
8,11,313,209,1,179,1
13,23,141,190,1,132,1
2,2,8,1,1,7,1
1,1,3,2,1,1,0
2,4,23,21,1,67,1
4,6,85,33,1,51,1
2,3,229,117,1,18,1
1,1,1,1,1,25,0
3,3,41,19,1,74,0
1,1,1,1,1,21,0
6,15,634,75,1,50,1
2,2,4,4,1,90,0
6,11,519,123,1,52,1
6,8,46,26,1,133,1
2,4,2,6,1,4,0
1,1,1,1,1,19,0
2,3,7,8,1,16,0
8,18,198,172,1,101,1
1,1,1,1,1,3,0
2,2,4,4,1,112,0
14,33,1242,540,1,163,1
3,3,41,19,1,74,0
8,18,943,62,1,150,1
1,1,0,0,1,0,0
6,9,50,34,1,29,1
4,11,300,298,1,27,1
7,8,83,16,1,124,1
8,18,198,172,1,101,1
12,20,211,160,1,266,1
1,1,20,8,1,4,0
6,16,266,108,1,74,1
3,3,9,9,1,25,0
6,18,329,202,1,50,1
2,4,23,21,1,67,1
9,16,137,59,1,127,1
2,3,22,11,1,38,1
8,11,313,209,1,179,1
2,4,17,8,1,31,0
8,18,198,172,1,101,1
3,7,150,80,1,16,1
1,1,0,0,1,5,0
7,16,3,11,1,15,0
3,3,41,19,1,74,0
3,6,136,108,1,15,0
10,10,0,0,1,15,0
4,4,6,6,1,87,1
2,2,24,0,1,66,0
3,3,16,5,1,31,1
1,1,15,1,1,2,0
6,13,122,119,1,50,1
2,3,1,0,1,22,0
19,76,1215,1025,1,521,0
4,11,300,298,1,27,1
9,16,137,59,1,127,1
1,1,2,2,1,22,0
1,1,0,0,1,0,0
9,11,63,58,1,87,1
2,3,7,8,1,16,0
1,1,21,21,1,6,0
11,13,175,25,1,33,1
2,2,4,4,1,123,0
2,3,7,1,1,1,0
6,8,46,26,1,133,1
2,2,4,4,1,112,0
8,18,943,62,1,150,1
2,2,8,12,1,47,0
6,11,519,123,1,52,1
16,29,392,139,1,207,1
4,7,269,188,1,40,1
16,44,1502,946,1,198,1
1,1,15,1,1,6,1
2,2,8,1,1,10,1
2,3,229,117,1,18,1
2,3,22,11,1,38,1
8,18,943,62,1,150,1
2,2,8,1,1,10,1
2,2,4,4,1,81,0
2,2,4,4,1,38,0
2,5,29,23,1,32,1
11,13,175,25,1,33,1
1,1,1,1,1,9,0
3,6,61,20,1,52,1
19,36,457,471,1,182,0
13,17,129,48,1,236,1
1,1,0,1,1,2,0
1,1,7,0,1,0,0
4,11,300,298,1,27,1
3,3,6,6,1,81,0
11,13,175,25,1,33,1
1,2,0,0,1,0,0
3,6,136,108,1,15,0
2,3,1,0,1,22,0
3,3,6,6,1,81,0
1,1,0,2,1,28,0
2,4,23,21,1,67,1
3,6,61,20,1,52,1
1,1,1,1,1,23,0
1,1,1,1,1,49,0
1,5,0,0,1,4,0
10,10,0,0,1,15,0
1,1,1,1,1,16,0
1,1,1,1,1,9,0
2,5,29,23,1,32,1
2,4,2,6,1,4,0
13,20,318,75,1,64,1
11,14,115,62,1,152,0
9,16,137,59,1,127,1
1,4,0,0,1,0,0
7,8,83,16,1,124,1
9,11,63,58,1,87,1
1,1,15,1,1,6,1
6,8,46,26,1,133,1
6,7,21,11,1,2,0
3,3,13,12,1,37,1
1,2,0,0,1,4,0
1,4,0,0,1,4,0
3,3,82,4,1,6,0
3,7,150,80,1,16,1
2,2,4,4,1,6,0
3,3,16,5,1,31,1
7,10,35,94,1,15,1
1,1,1,1,1,3,0
2,3,22,11,1,38,1
3,3,4,4,1,95,0
1,1,15,1,1,6,1
13,20,318,75,1,64,1
1,1,0,0,1,5,0
2,5,29,23,1,32,1
7,8,83,16,1,124,1
3,3,16,5,1,31,1
2,4,23,21,1,67,1
2,3,4,15,1,20,0
3,7,150,80,1,16,1
18,50,1427,1377,1,198,1
12,36,102,42,1,266,0
2,2,2,2,1,31,0
2,2,4,4,1,90,0
3,3,13,12,1,37,1
11,14,115,62,1,152,0
16,29,392,139,1,207,1
16,44,1502,946,1,198,1
16,44,1502,946,1,198,1
1,1,20,8,1,4,0
1,1,1,1,1,3,0
18,31,356,240,1,106,1
6,7,15,14,1,91,1
1,1,2,0,1,12,0
3,4,8,7,1,47,1
6,10,139,49,1,21,0
2,2,8,1,1,10,1
1,1,1,1,1,6,0
2,2,8,1,1,10,1
3,4,8,7,1,47,1
3,3,13,9,1,47,0
1,2,0,0,1,2,0
8,10,66,12,1,19,0
2,2,4,4,1,40,0
1,1,1,1,1,13,0
4,17,227,91,1,44,1
6,8,46,26,1,133,1
10,22,283,174,1,177,0
18,50,1427,1377,1,198,1
1,1,1,0,1,0,0
13,23,141,190,1,132,1
2,2,34,2,1,2,0
1,1,34,0,1,6,0
11,19,240,28,1,52,0
1,1,15,1,1,6,1
23,38,96,108,1,245,1
2,2,4,4,1,47,0
7,9,103,34,1,4,1
9,23,610,462,1,74,1
1,1,2,0,1,18,0
6,16,266,108,1,74,1
9,16,137,59,1,127,1
2,5,29,23,1,32,1
12,20,211,160,1,266,1
1,1,1,1,1,23,0
5,6,48,50,1,25,0
3,6,136,108,1,15,0
2,2,8,1,1,7,1
1,1,0,1,1,2,0
1,1,1,0,1,0,0
1,2,0,0,1,0,0
6,9,78,55,1,26,1
3,3,3,2,1,142,0
6,16,266,108,1,74,1
1,1,2,2,1,3,0
1,1,11,8,1,7,0
9,22,458,135,1,124,1
2,2,4,4,1,42,0
23,38,96,108,1,245,1
1,1,15,1,1,6,1
13,17,129,48,1,236,1
1,1,0,0,1,6,0
6,11,519,123,1,52,1
1,1,1,1,1,3,0
1,1,1,4,1,23,0
1,1,0,10,1,22,0
17,32,860,0,1,0,0
9,16,137,59,1,127,1
2,2,4,4,1,42,0
18,50,1427,1377,1,198,1
2,2,8,1,1,10,1
2,2,4,4,1,8,0
1,1,15,1,1,6,1
2,2,2,2,1,31,0
3,3,66,29,1,68,1
1,1,3,0,1,13,0
1,1,4,4,1,3,0
6,16,266,108,1,74,1
2,2,4,4,1,42,0
8,11,313,209,1,179,1
7,10,35,94,1,15,1
13,23,141,190,1,132,1
1,1,2,2,1,26,0
2,3,31,24,1,9,0
2,2,4,4,1,81,0
1,1,34,0,1,6,0
1,1,1,1,1,2,0
1,2,6,7,1,8,0
3,3,13,12,1,37,1
8,13,251,20,1,69,1
2,4,17,8,1,31,0
3,7,150,80,1,16,1
1,1,1,1,1,3,0
4,6,85,33,1,51,1
11,13,175,25,1,33,1
1,1,1,4,1,23,0
2,2,4,4,1,44,0
8,18,943,62,1,150,1
4,6,85,33,1,51,1
12,20,211,160,1,266,1
3,3,4,4,1,95,0
3,3,5,7,1,125,0
6,7,15,14,1,91,1
2,2,8,1,1,7,1
3,4,13,2,1,6,1
3,3,13,12,1,37,1
1,1,1,0,1,0,0
1,1,1,1,1,3,0
4,4,6,6,1,87,1
6,8,46,26,1,133,1
1,1,0,1,1,2,0
17,32,860,0,1,0,0
1,1,1,1,1,16,0
4,7,269,188,1,40,1
2,2,4,4,1,99,0
2,5,29,23,1,32,1
2,2,4,4,1,97,0
1,1,1,1,1,10,0
7,9,163,135,1,186,0
6,9,78,55,1,26,1
1,2,3,3,1,8,0
2,2,4,4,1,42,0
3,3,16,5,1,31,1
2,2,4,3,1,83,0
5,5,30,34,1,142,0
2,23,8,5,1,30,0
1,1,1,1,1,3,0
1,1,15,1,1,6,1
6,15,634,75,1,50,1
7,8,83,16,1,124,1
1,1,0,4,1,4,0
3,3,66,29,1,68,1
17,62,214,166,1,122,0
1,1,2,2,1,1,0
1,1,3,0,1,46,0
3,3,66,29,1,68,1
6,7,15,14,1,91,1
1,1,0,2,1,28,0
4,11,300,298,1,27,1
3,5,170,138,1,49,1
6,10,139,49,1,21,0
8,11,313,209,1,179,1
2,2,4,4,1,15,0
6,9,50,34,1,29,1
2,2,4,4,1,44,0
1,1,34,0,1,6,0
1,1,1,1,1,10,0
1,2,6,7,1,8,0
2,2,4,4,1,51,0
11,13,175,25,1,33,1
23,38,96,108,1,245,1
19,76,1215,1025,1,521,0
9,19,583,213,1,119,1
11,13,175,25,1,33,1
1,1,1,1,1,10,0
1,1,1,1,1,9,0
1,1,2,7,1,7,0
3,4,97,54,1,22,0
1,1,1,0,1,0,0
2,2,2,2,1,12,0
4,5,65,134,1,94,0
6,8,65,26,1,88,1
3,3,4,4,1,95,0
8,18,198,172,1,101,1
1,1,1,1,1,3,0
1,1,1,1,1,49,0
6,13,122,119,1,50,1
9,23,610,462,1,74,1
6,13,122,119,1,50,1
1,1,15,1,1,6,1
1,1,8,7,1,1,0
1,1,15,1,1,6,1
1,3,0,0,1,10,0
1,3,0,0,1,7,0
3,4,13,2,1,6,1
1,1,1,1,1,3,0
1,1,0,2,1,1,0
9,10,47,17,1,66,1
3,4,8,7,1,47,1
2,2,4,4,1,54,0
6,15,634,75,1,50,1
3,3,13,12,1,37,1
3,9,13,90,1,55,0
6,9,50,34,1,29,1
1,1,1,0,1,0,0
1,1,32,0,1,0,0
8,18,198,172,1,101,1
9,19,583,213,1,119,1
1,1,1,1,1,3,0
13,17,129,48,1,236,1
6,7,15,14,1,91,1
18,50,1427,1377,1,198,1
2,2,4,4,1,38,0
18,31,356,240,1,106,1
22,41,430,245,1,63,1
12,20,211,160,1,266,1
2,5,29,23,1,32,1
2,3,31,24,1,9,0
2,4,17,8,1,31,0
3,4,26,2,1,29,0
3,4,13,2,1,6,1
2,5,29,23,1,32,1
2,2,8,1,1,10,1
7,9,103,34,1,4,1
1,1,13,7,1,1,0
13,17,129,48,1,236,1
2,2,4,4,1,42,0
2,4,23,21,1,67,1
7,10,73,33,1,17,0
19,76,1215,1025,1,521,0
6,9,50,34,1,29,1
2,4,23,21,1,67,1
11,19,240,28,1,52,0
1,1,0,1,1,40,0
1,1,2,10,1,5,0
3,6,136,108,1,15,0
3,9,13,90,1,55,0
4,11,300,298,1,27,1
1,1,1,1,1,3,0
1,2,128,128,1,1,0
15,20,308,36,1,107,1
4,7,269,188,1,40,1
6,16,266,108,1,74,1
2,2,4,4,1,15,0
1,1,3,0,1,46,0
1,5,0,0,1,4,0
3,4,8,7,1,47,1
7,8,83,16,1,124,1
2,2,4,4,1,90,0
2,5,29,23,1,32,1
3,4,8,7,1,47,1
2,3,7,8,1,16,0
7,8,83,16,1,124,1
6,18,329,202,1,50,1
3,3,3,2,1,142,0
15,20,308,36,1,107,1
2,3,22,11,1,38,1
1,1,9,4,1,12,0
1,3,0,0,1,10,0
1,1,8,7,1,1,0
2,2,4,4,1,8,0
3,3,66,29,1,68,1
3,7,150,80,1,16,1
18,50,1427,1377,1,198,1
1,2,0,0,1,2,0
7,10,35,94,1,15,1
3,3,20,7,1,33,0
4,6,85,33,1,51,1
6,11,519,123,1,52,1
1,1,9,4,1,12,0
8,11,313,209,1,179,1
1,1,1,1,1,9,0
13,17,129,48,1,236,1
12,36,102,42,1,266,0
8,18,943,62,1,150,1
1,1,34,0,1,6,0
13,23,141,190,1,132,1
3,6,61,20,1,52,1
1,1,22,52,1,10,0
3,3,20,7,1,33,0
7,10,35,94,1,15,1
18,50,1427,1377,1,198,1
23,38,96,108,1,245,1
4,8,76,67,1,74,1
2,2,8,1,1,10,1
2,2,24,0,1,49,0
2,2,2,2,1,12,0
1,1,1,1,1,2,0
3,3,16,5,1,31,1
1,1,7,0,1,0,0
2,3,229,117,1,18,1
19,36,457,471,1,182,0
4,7,269,188,1,40,1
9,11,63,58,1,87,1
3,6,61,20,1,52,1
6,8,65,26,1,88,1
13,20,318,75,1,64,1
6,8,65,26,1,88,1
13,17,129,48,1,236,1
2,23,8,5,1,30,0
1,1,2,2,1,26,0
11,13,175,25,1,33,1
13,23,141,190,1,132,1
2,2,24,0,1,66,0
17,32,860,0,1,0,0
5,5,30,34,1,142,0
1,1,2,2,1,1,0
2,2,24,0,1,66,0
1,1,1,1,1,9,0
2,4,2,6,1,4,0
4,17,227,91,1,44,1
1,1,2,0,1,12,0
1,1,0,0,1,2,0
1,1,2,0,1,18,0
2,2,8,1,1,10,1
3,4,8,7,1,47,1
9,23,610,462,1,74,1
4,7,269,188,1,40,1
5,6,48,50,1,25,0
1,2,0,0,1,2,0
4,7,269,188,1,40,1
7,9,163,135,1,186,0
22,41,430,245,1,63,1
1,1,4,4,1,3,0
10,22,283,174,1,177,0
1,1,1,1,1,23,0
2,2,8,1,1,7,1
1,1,14,0,1,0,0
1,1,21,21,1,6,0
1,1,0,1,1,40,0
2,2,7,2,1,8,0
4,5,65,134,1,94,0
2,2,4,4,1,38,0
8,18,198,172,1,101,1
13,20,318,75,1,64,1
7,10,35,94,1,15,1
4,6,85,33,1,51,1
13,17,182,119,1,287,0
3,6,61,20,1,52,1
3,3,4,4,1,95,0
6,9,50,34,1,29,1
4,11,300,298,1,27,1
3,3,4,4,1,95,0
6,7,15,14,1,91,1
14,33,1242,540,1,163,1
1,1,34,0,1,6,0
6,11,519,123,1,52,1
18,50,1427,1377,1,198,1
9,22,458,135,1,124,1
2,2,4,4,1,51,0
7,8,83,16,1,124,1
1,1,2,2,1,1,0
3,4,97,54,1,22,0
3,3,15,15,1,2,0
13,20,318,75,1,64,1
3,5,170,138,1,49,1
16,29,392,139,1,207,1
1,1,0,10,1,22,0
3,7,150,80,1,16,1
11,13,175,25,1,33,1
2,2,4,4,1,107,0
6,8,65,26,1,88,1
1,1,0,1,1,2,0
9,14,211,5,1,35,1
21,93,3705,3860,1,248,1
3,3,13,12,1,37,1
1,1,2,0,1,12,0
2,2,4,4,1,123,0
3,4,13,2,1,6,1
4,10,73,39,1,91,0
2,3,4,15,1,20,0
9,19,583,213,1,119,1
1,1,15,1,1,6,1
16,44,1502,946,1,198,1
6,16,266,108,1,74,1
2,2,8,12,1,47,0
13,20,318,75,1,64,1
15,20,308,36,1,107,1
1,1,0,1,1,2,0
2,2,24,0,1,49,0
1,1,2,2,1,3,0
3,3,6,6,1,81,0
2,2,8,1,1,7,1
1,1,0,1,1,40,0
5,5,39,5,1,47,0
6,8,65,26,1,88,1
2,2,4,4,1,99,0
4,8,76,67,1,74,1
7,8,83,16,1,124,1
7,9,103,34,1,4,1
1,5,0,0,1,4,0
3,3,15,15,1,2,0
2,4,17,8,1,31,0
6,6,38,12,1,20,0
2,2,4,4,1,56,0
9,10,47,17,1,66,1
2,2,2,1,1,5,0
4,6,31,22,1,133,0
1,1,1,1,1,25,0
2,2,4,4,1,35,0
2,2,4,4,1,123,0
18,50,1427,1377,1,198,1
3,7,150,80,1,16,1
1,1,2,2,1,22,0
1,1,1,1,1,9,0
2,2,24,0,1,66,0
1,1,3,2,1,1,0
2,2,8,1,1,7,1
1,4,0,0,1,0,0
1,1,1,1,1,21,0
1,2,0,0,1,2,0
2,2,4,4,1,123,0
6,13,122,119,1,50,1
2,2,4,4,1,40,0
1,1,2,1,1,10,0
2,4,23,21,1,67,1
14,33,1242,540,1,163,1
3,7,150,80,1,16,1
1,1,0,1,1,2,0
1,1,0,0,1,0,0
14,33,1242,540,1,163,1
9,14,211,5,1,35,1
2,4,23,21,1,67,1
6,13,122,119,1,50,1
2,2,8,1,1,10,1
1,1,13,7,1,1,0
10,22,283,174,1,177,0
2,4,17,8,1,31,0
4,6,85,33,1,51,1
1,3,0,0,1,10,0
1,1,1,1,1,23,0
1,1,9,4,1,12,0
3,6,61,20,1,52,1
7,9,103,34,1,4,1
7,9,103,34,1,4,1
9,10,47,17,1,66,1
13,20,318,75,1,64,1
2,2,4,3,1,83,0
1,1,1,0,1,0,0
3,5,170,138,1,49,1
2,4,23,21,1,67,1
8,18,198,172,1,101,1
2,2,4,4,1,47,0
16,44,1502,946,1,198,1
3,3,66,29,1,68,1
8,18,943,62,1,150,1
1,1,4,4,1,3,0
1,1,1,0,1,1,0
2,2,4,4,1,99,0
13,17,129,48,1,236,1
2,2,4,4,1,90,0
16,29,392,139,1,207,1
6,18,329,202,1,50,1
2,2,4,4,1,56,0
6,11,519,123,1,52,1
22,41,430,245,1,63,1
1,1,1,1,1,49,0
10,22,283,174,1,177,0
1,4,0,0,1,4,0
7,10,73,33,1,17,0
1,1,32,0,1,0,0
6,10,139,49,1,21,0
4,11,300,298,1,27,1
2,3,22,11,1,38,1
1,2,128,128,1,1,0
2,3,1,0,1,22,0
1,1,1,1,1,6,0
4,6,85,33,1,51,1
6,8,65,26,1,88,1
11,14,115,62,1,152,0
1,1,4,4,1,3,0
6,13,122,119,1,50,1
1,1,1,1,1,34,0
2,4,2,6,1,4,0
6,8,65,26,1,88,1
3,3,13,12,1,37,1
17,62,214,166,1,122,0
1,1,17,0,1,2,0
18,50,1427,1377,1,198,1
4,4,6,6,1,87,1
9,14,211,5,1,35,1
1,1,1,1,1,34,0
1,1,1,1,1,66,0
1,1,32,0,1,0,0
18,31,356,240,1,106,1
8,11,313,209,1,179,1
16,29,392,139,1,207,1
6,13,122,119,1,50,1
19,36,457,471,1,182,0
2,3,7,1,1,1,0
2,2,2,2,1,31,0
18,31,356,240,1,106,1
6,16,266,108,1,74,1
1,1,3,0,1,46,0
4,8,76,67,1,74,1
6,7,15,14,1,91,1
7,10,35,94,1,15,1
1,1,1,1,1,25,0
9,19,583,213,1,119,1
1,1,1,1,1,1,0
1,1,1,1,1,49,0
4,6,85,33,1,51,1
6,13,122,119,1,50,1
2,2,24,0,1,49,0
1,2,6,7,1,8,0
18,31,356,240,1,106,1
2,11,1,1,1,28,0
22,41,430,245,1,63,1
6,7,15,14,1,91,1
8,18,943,62,1,150,1
18,31,356,240,1,106,1
1,1,2,2,1,3,0
6,11,519,123,1,52,1
11,19,240,28,1,52,0
4,10,73,39,1,91,0
8,18,943,62,1,150,1
9,14,211,5,1,35,1
10,22,283,174,1,177,0
1,2,0,0,1,0,0
2,2,8,1,1,10,1
6,8,46,26,1,133,1
7,10,73,33,1,17,0
5,5,39,5,1,47,0
16,44,1502,946,1,198,1
1,1,2,1,1,10,0
9,10,47,17,1,66,1
12,20,211,160,1,266,1
1,1,1,6,1,9,0
1,1,1,1,1,66,0
6,16,266,108,1,74,1
8,11,313,209,1,179,1
1,1,15,6,1,9,0
2,2,8,12,1,47,0
1,1,0,1,1,2,0
8,10,66,12,1,19,0
1,1,1,1,1,1,0
2,2,4,4,1,56,0
3,3,20,7,1,33,0
1,1,1,0,1,1,0
7,8,83,16,1,124,1
3,4,13,2,1,6,1
4,17,227,91,1,44,1
2,2,8,1,1,7,1
18,31,356,240,1,106,1
12,20,211,160,1,266,1
1,1,1,1,1,34,0
17,62,214,166,1,122,0
2,4,23,21,1,67,1
14,33,1242,540,1,163,1
1,1,22,52,1,10,0
7,8,83,16,1,124,1
1,1,0,1,1,2,0
1,1,0,2,1,1,0
3,6,136,108,1,15,0
1,1,15,1,1,2,0
4,8,76,67,1,74,1
6,11,519,123,1,52,1
3,3,13,12,1,37,1
2,2,4,4,1,112,0
14,33,1242,540,1,163,1
8,13,251,20,1,69,1
2,2,8,1,1,10,1
2,2,4,4,1,12,0
1,1,1,1,1,3,0
1,1,21,21,1,6,0
2,2,4,3,1,83,0
9,19,583,213,1,119,1
1,1,1,0,1,0,0
1,1,2,2,1,1,0
4,17,227,91,1,44,1
1,1,20,8,1,4,0
11,19,240,28,1,52,0
2,2,8,1,1,10,1
2,3,229,117,1,18,1
1,1,1,1,1,9,0
6,9,50,34,1,29,1
2,2,8,12,1,47,0
5,6,48,50,1,25,0
7,16,3,11,1,15,0
12,20,211,160,1,266,1
6,6,38,12,1,20,0
3,6,136,108,1,15,0
2,5,29,23,1,32,1
9,22,458,135,1,124,1
7,8,83,16,1,124,1
9,19,583,213,1,119,1
8,18,943,62,1,150,1
2,2,4,4,1,51,0
18,31,356,240,1,106,1
3,3,41,19,1,74,0
2,4,2,6,1,4,0
1,1,1,1,1,25,0
1,1,1,1,1,15,0
1,1,1,1,1,2,0
4,8,76,67,1,74,1
6,7,15,14,1,91,1
1,1,15,1,1,2,0
6,7,15,14,1,91,1
1,1,1,4,1,23,0
6,15,634,75,1,50,1
1,1,2,7,1,7,0
2,2,4,4,1,42,0
1,1,11,8,1,7,0
1,1,7,0,1,0,0
3,3,5,7,1,125,0
1,1,2,9,1,5,0
1,1,0,0,1,6,0
3,4,97,54,1,22,0
2,2,8,12,1,47,0
2,3,229,117,1,18,1
1,1,0,4,1,4,0
3,4,13,2,1,6,1
2,2,4,4,1,54,0
1,1,2,0,1,18,0
8,13,251,20,1,69,1
2,4,17,8,1,31,0
6,11,519,123,1,52,1
1,1,15,6,1,9,0
9,19,583,213,1,119,1
4,8,76,67,1,74,1
10,10,0,0,1,15,0
6,9,50,34,1,29,1
3,3,3,2,1,142,0
9,11,63,58,1,87,1
1,1,1,1,1,16,0
1,1,0,0,1,2,0
2,2,8,1,1,7,1
16,29,392,139,1,207,1
8,18,198,172,1,101,1
2,3,7,8,1,16,0
1,1,1,1,1,9,0
8,11,313,209,1,179,1
3,4,13,2,1,6,1
8,11,313,209,1,179,1
6,7,21,11,1,2,0
1,1,17,0,1,2,0
6,13,122,119,1,50,1
0,0,0,0,0,0,1
1,1,20,8,1,4,0
13,17,182,119,1,287,0
2,2,4,4,1,97,0
6,7,15,14,1,91,1
9,19,583,213,1,119,1
6,15,634,75,1,50,1
1,1,0,4,1,4,0
1,1,3,0,1,13,0
1,1,1,1,1,6,0
3,4,8,7,1,47,1
9,23,610,462,1,74,1
6,9,50,34,1,29,1
13,17,129,48,1,236,1
1,3,0,0,1,10,0
2,2,4,4,1,99,0
6,8,65,26,1,88,1
3,3,4,4,1,95,0
1,1,1,1,1,6,0
1,2,0,0,1,0,0
6,9,50,34,1,29,1
2,2,4,4,1,90,0
2,2,8,1,1,7,1
1,1,1,1,1,9,0
2,3,1,0,1,22,0
9,14,211,5,1,35,1
6,8,65,26,1,88,1
8,18,198,172,1,101,1
0,0,0,0,0,0,1
2,3,7,1,1,1,0
8,18,198,172,1,101,1
2,5,29,23,1,32,1
5,5,30,34,1,142,0
1,1,1,1,1,3,0
4,6,31,22,1,133,0
3,3,13,12,1,37,1
1,2,128,128,1,1,0
6,15,634,75,1,50,1
3,3,77,3,1,39,0
4,4,6,6,1,87,1
7,8,83,16,1,124,1
1,2,0,0,1,4,0
6,16,266,108,1,74,1
4,10,73,39,1,91,0
2,2,8,1,1,7,1
1,1,1,1,1,10,0
2,2,34,2,1,2,0
2,3,31,24,1,9,0
9,19,583,213,1,119,1
1,1,0,10,1,22,0
2,2,4,4,1,44,0
1,1,0,0,1,0,0
4,6,85,33,1,51,1
18,31,356,240,1,106,1
2,2,4,4,1,112,0
6,7,15,14,1,91,1
6,9,50,34,1,29,1
1,1,1,1,1,2,0
2,4,17,8,1,31,0
6,16,266,108,1,74,1
11,19,240,28,1,52,0
4,7,269,188,1,40,1
3,3,5,7,1,125,0
13,17,129,48,1,236,1
16,29,392,139,1,207,1
8,10,66,12,1,19,0
1,1,2,10,1,5,0
1,1,1,1,1,23,0
1,1,2,2,1,3,0
3,5,170,138,1,49,1
2,2,4,4,1,15,0
3,7,150,80,1,16,1
9,16,137,59,1,127,1
3,3,66,29,1,68,1
1,1,1,0,1,1,0
1,1,15,1,1,6,1
3,7,150,80,1,16,1
7,8,83,16,1,124,1
1,1,0,0,1,0,0
4,8,76,67,1,74,1
1,3,0,0,1,7,0
2,2,8,1,1,10,1
1,1,20,8,1,4,0
13,23,141,190,1,132,1
1,1,7,0,1,0,0
1,4,0,0,1,4,0
2,2,8,1,1,10,1
9,19,583,213,1,119,1
1,1,1,0,1,1,0
4,17,227,91,1,44,1
7,9,103,34,1,4,1
1,1,2,2,1,26,0
19,76,1215,1025,1,521,0
14,33,1242,540,1,163,1
1,1,1,1,1,10,0
11,13,175,25,1,33,1
18,50,1427,1377,1,198,1
9,19,583,213,1,119,1
17,62,214,166,1,122,0
1,1,15,1,1,6,1
2,5,29,23,1,32,1
4,6,85,33,1,51,1
2,2,4,4,1,105,0
1,1,32,0,1,0,0
3,3,66,29,1,68,1
0,0,0,0,0,0,1
3,4,13,2,1,6,1
22,41,430,245,1,63,1
1,1,15,1,1,2,0
2,3,4,15,1,20,0
8,18,198,172,1,101,1
23,38,96,108,1,245,1
3,4,13,2,1,6,1
22,41,430,245,1,63,1
8,10,66,12,1,19,0
13,23,141,190,1,132,1
6,15,634,75,1,50,1
10,13,181,149,1,204,0
4,8,76,67,1,74,1
2,2,4,4,1,35,0
2,3,229,117,1,18,1
9,19,583,213,1,119,1
2,2,8,1,1,10,1
1,1,201,0,1,0,0
1,1,1,1,1,25,0
1,1,15,1,1,2,0
6,6,38,12,1,20,0
1,1,1,1,1,3,0
6,15,634,75,1,50,1
2,2,8,1,1,10,1
3,4,97,54,1,22,0
6,7,21,11,1,2,0
1,1,2,2,1,1,0
8,18,943,62,1,150,1
23,38,96,108,1,245,1
2,4,23,21,1,67,1
2,3,14,0,1,7,0
2,4,23,21,1,67,1
6,7,21,11,1,2,0
11,13,175,25,1,33,1
1,1,0,0,1,0,0
2,2,6,8,1,95,0
8,13,251,20,1,69,1
13,23,141,190,1,132,1
9,22,458,135,1,124,1
1,1,34,0,1,6,0
9,16,137,59,1,127,1
3,3,5,7,1,125,0
16,44,1502,946,1,198,1
1,4,0,0,1,0,0
2,3,229,117,1,18,1
1,1,1,1,1,49,0
1,4,0,0,1,4,0
8,18,943,62,1,150,1
9,10,47,17,1,66,1
6,18,329,202,1,50,1
6,13,122,119,1,50,1
1,1,22,52,1,10,0
2,4,17,8,1,31,0
1,2,128,128,1,1,0
2,5,29,23,1,32,1
22,41,430,245,1,63,1
6,9,50,34,1,29,1
6,9,78,55,1,26,1
2,2,24,0,1,66,0
2,2,4,4,1,6,0
13,20,318,75,1,64,1
7,10,35,94,1,15,1
6,7,15,14,1,91,1
2,2,8,1,1,10,1
2,3,14,0,1,7,0
2,2,6,8,1,95,0
6,16,266,108,1,74,1
2,2,4,4,1,15,0
8,18,198,172,1,101,1
1,1,1,1,1,21,0
6,6,38,12,1,20,0
1,1,17,0,1,2,0
1,1,11,8,1,7,0
4,6,85,33,1,51,1
7,10,35,94,1,15,1
9,22,458,135,1,124,1
1,1,14,0,1,0,0
1,1,1,1,1,3,0
6,13,122,119,1,50,1
9,14,211,5,1,35,1
1,1,11,8,1,7,0
9,11,63,58,1,87,1
6,9,50,34,1,29,1
7,8,83,16,1,124,1
1,1,0,10,1,22,0
6,9,78,55,1,26,1
15,20,308,36,1,107,1
4,6,85,33,1,51,1
4,17,227,91,1,44,1
3,4,26,2,1,29,0
1,1,0,2,1,1,0
3,3,13,12,1,37,1
6,6,38,12,1,20,0
3,3,9,9,1,25,0
3,6,61,20,1,52,1
6,13,122,119,1,50,1
9,10,47,17,1,66,1
3,3,16,5,1,31,1
3,4,13,2,1,6,1
1,1,1,4,1,23,0
0,0,0,0,0,0,1
1,1,2,9,1,5,0
6,13,122,119,1,50,1
4,17,227,91,1,44,1
1,1,2,0,1,4,0
2,3,9,9,1,12,0
4,6,31,22,1,133,0
9,19,583,213,1,119,1
6,9,78,55,1,26,1
2,2,4,4,1,123,0
3,5,170,138,1,49,1
3,3,77,3,1,39,0
6,9,50,34,1,29,1
6,11,519,123,1,52,1
1,1,0,0,1,0,0
21,93,3705,3860,1,248,1
3,3,66,29,1,68,1
2,3,9,9,1,12,0
2,3,31,24,1,9,0
2,2,24,0,1,66,0
21,93,3705,3860,1,248,1
2,3,31,24,1,9,0
12,36,102,42,1,266,0
2,4,2,6,1,4,0
1,1,1,6,1,9,0
1,1,1,1,1,9,0
2,2,4,4,1,56,0
1,1,1,1,1,2,0
1,1,7,0,1,0,0
1,1,1,1,1,9,0
1,1,2,9,1,5,0
1,1,1,0,1,1,0
1,4,0,0,1,4,0
1,1,1,1,1,34,0
9,10,47,17,1,66,1
4,17,227,91,1,44,1
2,2,4,4,1,6,0
2,3,229,117,1,18,1
14,33,1242,540,1,163,1
2,2,8,1,1,10,1
9,11,63,58,1,87,1
2,4,17,8,1,31,0
6,9,78,55,1,26,1
0,0,0,0,0,0,1
2,2,4,4,1,107,0
9,23,610,462,1,74,1
9,14,211,5,1,35,1
12,20,211,160,1,266,1
1,1,0,0,1,5,0
2,2,4,4,1,47,0
3,4,8,7,1,47,1
3,4,13,2,1,6,1
1,1,2,9,1,5,0
0,0,0,0,0,0,1
6,7,15,14,1,91,1
9,11,63,58,1,87,1
1,1,2,9,1,5,0
15,20,308,36,1,107,1
3,3,15,15,1,2,0
9,22,458,135,1,124,1
1,1,3,0,1,13,0
1,2,0,0,1,2,0
1,1,2,0,1,18,0
1,1,15,1,1,6,1
9,11,63,58,1,87,1
3,3,66,29,1,68,1
2,2,7,2,1,8,0
1,1,1,1,1,9,0
2,2,4,4,1,56,0
2,2,4,4,1,44,0
1,1,1,1,1,16,0
2,3,229,117,1,18,1
6,9,78,55,1,26,1
1,1,2,0,1,12,0
6,18,329,202,1,50,1
6,8,46,26,1,133,1
2,2,4,4,1,35,0
1,2,0,0,1,0,0
1,5,0,0,1,4,0
7,10,35,94,1,15,1
1,1,1,1,1,2,0
2,2,2,2,1,12,0
7,9,103,34,1,4,1
2,4,23,21,1,67,1
2,2,4,4,1,40,0
3,4,13,2,1,6,1
1,1,1,4,1,23,0
9,19,583,213,1,119,1
5,6,48,50,1,25,0
1,1,20,8,1,4,0
6,13,122,119,1,50,1
1,1,1,1,1,16,0
22,41,430,245,1,63,1
1,1,0,0,1,0,0
2,2,4,4,1,42,0
6,9,78,55,1,26,1
4,11,300,298,1,27,1
1,1,34,0,1,6,0
8,13,251,20,1,69,1
3,5,170,138,1,49,1
1,1,2,2,1,1,0
17,62,214,166,1,122,0
22,41,430,245,1,63,1
1,1,1,1,1,1,0
9,22,458,135,1,124,1
16,29,392,139,1,207,1
8,18,198,172,1,101,1
9,16,137,59,1,127,1
4,5,65,134,1,94,0
9,16,137,59,1,127,1
21,93,3705,3860,1,248,1
2,2,4,4,1,6,0
2,2,4,4,1,38,0
3,3,9,9,1,25,0
15,20,308,36,1,107,1
8,10,66,12,1,19,0
2,2,4,3,1,83,0
1,1,0,0,1,5,0
2,2,8,1,1,10,1
1,1,2,10,1,5,0
2,2,24,0,1,49,0
4,6,31,22,1,133,0
3,7,150,80,1,16,1
1,1,3,2,1,1,0
1,1,3,2,1,1,0
6,18,329,202,1,50,1
2,2,8,1,1,10,1
2,3,4,15,1,20,0
4,6,85,33,1,51,1
7,10,35,94,1,15,1
2,23,8,5,1,30,0
8,13,251,20,1,69,1
6,7,15,14,1,91,1
2,3,9,9,1,12,0
1,1,0,0,1,2,0
1,1,0,0,1,6,0
6,16,266,108,1,74,1
3,7,150,80,1,16,1
9,22,458,135,1,124,1
13,23,141,190,1,132,1
1,1,22,52,1,10,0
2,3,22,11,1,38,1
1,1,15,1,1,6,1
6,13,122,119,1,50,1
1,1,2,0,1,4,0
11,13,175,25,1,33,1
3,4,8,7,1,47,1
2,2,4,4,1,105,0
13,23,141,190,1,132,1
2,2,8,1,1,7,1
5,5,39,5,1,47,0
15,20,308,36,1,107,1
5,5,30,34,1,142,0
9,10,47,17,1,66,1
2,2,8,1,1,10,1
6,15,634,75,1,50,1
3,4,97,54,1,22,0
9,10,47,17,1,66,1
2,5,29,23,1,32,1
16,44,1502,946,1,198,1
3,3,3,2,1,142,0
0,0,0,0,0,0,1
8,11,313,209,1,179,1
1,1,1,1,1,21,0
2,3,229,117,1,18,1
1,1,34,0,1,6,0
3,3,16,5,1,31,1
3,4,97,54,1,22,0
13,20,318,75,1,64,1
6,18,329,202,1,50,1
3,7,150,80,1,16,1
1,1,2,9,1,5,0
5,5,30,34,1,142,0
3,3,6,6,1,81,0
22,41,430,245,1,63,1
9,16,137,59,1,127,1
2,4,23,21,1,67,1
1,1,1,1,1,6,0
7,10,73,33,1,17,0
4,17,227,91,1,44,1
6,18,329,202,1,50,1
6,6,38,12,1,20,0
2,2,4,4,1,6,0
7,10,35,94,1,15,1
4,6,85,33,1,51,1
1,1,1,1,1,13,0
2,2,34,2,1,2,0
9,16,137,59,1,127,1
7,9,103,34,1,4,1
14,33,1242,540,1,163,1
1,1,0,4,1,4,0
1,1,13,7,1,1,0
17,62,214,166,1,122,0
7,10,35,94,1,15,1
10,13,181,149,1,204,0
9,11,63,58,1,87,1
1,1,1,1,1,3,0
1,1,13,7,1,1,0
8,18,943,62,1,150,1
3,6,136,108,1,15,0
18,50,1427,1377,1,198,1
1,1,2,2,1,22,0
1,1,1,1,1,6,0
9,19,583,213,1,119,1
2,3,229,117,1,18,1
6,16,266,108,1,74,1
6,8,46,26,1,133,1
3,6,61,20,1,52,1
1,1,15,1,1,6,1
2,3,14,0,1,7,0
2,2,8,1,1,10,1
6,7,21,11,1,2,0
1,1,2,2,1,26,0
6,8,65,26,1,88,1
13,17,129,48,1,236,1
2,5,29,23,1,32,1
3,6,61,20,1,52,1
2,2,4,4,1,35,0
1,1,15,1,1,2,0
9,22,458,135,1,124,1
2,2,4,4,1,107,0
1,1,3,0,1,13,0
1,1,1,1,1,34,0
13,23,141,190,1,132,1
1,3,0,0,1,7,0
4,5,65,134,1,94,0
1,1,1,1,1,1,0
1,1,1,1,1,3,0
9,14,211,5,1,35,1
